id,kind,name,location,runs_on_today,trigger,callers,external_apis,secrets_env_names,live_status,proposed_target,target_component,migration_phase,parity_notes,risk_refs,source
RF-root,route-family,/ (root),src/App.tsx:164; src/contexts/LanguageContext.tsx:98-151; vercel.json:158-161,"Vercel static /index.html via SPA rewrite (middleware matcher does not cover /); 200 shell, client navigate() to /{saved language or en}",HTTP GET,browsers; crawlers,,,active,"SPA fallback via ASSETS (200 shell, client redirect unchanged); a server redirect at / is an owner decision, not a side effect",microns-site,1,"No Accept-Language, no cookie, no server redirect today; shell has og:url = homepage, no canonical (index.html:17)",H-9; H-28,audit:frontend-routing-seo#0
RF-lang-home,route-family,/{lang} homepage (14 URLs),middleware.ts:443-474; src/App.tsx:167,Vercel Routing Middleware rewrites the /index.html shell with content_pages 'home' (db) or i18n; prerendered dist/{lang}/index.html is shadowed,HTTP GET,browsers; crawlers,,,active,SEO handler in microns-site (run_worker_first: true; shell via env.ASSETS.fetch),microns-site,1,Tenant hosts also receive the Microns Hub SEO body and www canonical (middleware ignores hostname),H-4; H-8; H-13,audit:frontend-routing-seo#1
RF-services-index,route-family,/{lang}/{services} services index (14 URLs + English alias /{lang}/services),middleware.ts:476-489; middleware/slugs.ts:109-114; src/App.tsx:203,Middleware + service_pages index row (db) else i18n; prerendered file shadowed,HTTP GET,browsers; crawlers,,,active,SEO handler in microns-site,microns-site,1,X-Seo-Source db or i18n,H-8,audit:frontend-routing-seo#2
RF-service-detail,route-family,"/{lang}/{services}/{service} service detail (84 URLs = 6 x 14, + English-id aliases)",middleware.ts:491-501; middleware/slugs.ts:90-94; src/components/TranslatedRouteMatcher.tsx:57-62,Middleware + service_pages row (db) else i18n fallback; prerendered file shadowed,HTTP GET,browsers; crawlers,,,active,SEO handler in microns-site,microns-site,1,Unknown service slug under a known services segment returns the SPA shell with 200 (soft 404),H-8; H-9,audit:frontend-routing-seo#3
RF-content-pages,route-family,/{lang}/{industries|about|contact|our-work} (56 URLs + English aliases),middleware/slugs.ts:15-20; middleware.ts:536-595,Middleware content-page arm: content_pages row (db) else legacy renderer; prerendered file shadowed,HTTP GET,browsers; crawlers,,,active,SEO handler in microns-site,microns-site,1,Two Supabase queries per cache miss; DB localized_slug may override SLUGS for canonical/hreflang,H-8,audit:frontend-routing-seo#4
RF-content-db-only,route-family,/{lang}/{education|legal-notice|privacy-policy} and DB-localised slugs (42 URLs),middleware/types.ts:21-25; middleware/slugs.ts:132-138,"Middleware content-page arm when a content_pages row exists, else SPA shell; not prerendered",HTTP GET,browsers; crawlers,,,active,SEO handler in microns-site,microns-site,1,Localised slugs resolved only through content_pages.localized_slug,H-9,audit:frontend-routing-seo#5
RF-blog-index,route-family,/{lang}/{blog} blog index (14 URLs; blog|blogg|blogi),middleware.ts:513-521; middleware/renderers/blogIndex.ts,Middleware + articles list (500 ms race); prerendered file shadowed,HTTP GET,browsers; crawlers,,,active,SEO handler in microns-site,microns-site,1,,H-8,audit:frontend-routing-seo#6
RF-blog-article,route-family,"/{lang}/{blog}/{slug} article (2,344 published, live 2026-09-30)",middleware.ts:597-660; src/pages/BlogPost.tsx:94-97,Middleware + articles row with translation_id hreflang cluster; never prerendered,HTTP GET,browsers; crawlers,,,active,SEO handler in microns-site,microns-site,1,Unknown slug: 200 shell then client redirect to blog index; og:image = articles.featured_image (755 rows point at *.amazonaws.com),H-9; H-17; H-19,audit:frontend-routing-seo#7; live 2026-09-30
RF-quote,route-family,/{lang}/{quote} and /{lang}/quote-request (28 URLs),"middleware/slugs.ts:81,87; middleware.ts:523-534; vite.config.ts:46-47",Middleware type 'quote' for both; canonical always /{lang}/{quote}; both prerendered files shadowed,HTTP GET,browsers; crawlers,,,active,SEO handler in microns-site,microns-site,1,/{lang}/quote-request canonicalises to /{lang}/{quote}; both listed in sitemap-complete.xml,H-8,audit:frontend-routing-seo#8
RF-subpaths,route-family,"/{lang}/quote/success, /{lang}/contact/success, /{lang}/{known-slug}/{anything}","middleware/slugs.ts:140-142; src/App.tsx:185,194,208",Middleware returns the parent page type and canonical: 200 with parent SEO body,HTTP GET,browsers; crawlers,,,active,SEO handler in microns-site (replicate; strict 404 behind flag seo.strict_404 later),microns-site,1,Soft-404 class: /en/about/x gets the About body and canonical /en/about,H-9,audit:frontend-routing-seo#9
RF-lang-login,route-family,/{lang}/login,src/App.tsx:181,Middleware treats 'login' as an unknown content slug: DB miss then SPA shell,HTTP GET,browsers; crawlers,,,active,SEO handler in microns-site (parity); optional skip of the DB lookup,microns-site,1,Costs two Supabase queries per negative-cache window per isolate,H-9,audit:frontend-routing-seo#10
RF-legacy-unprefixed,route-family,"Unprefixed legacy routes (/services, /services/{6}, /about, /contact, /quote, /quote-request, /industries, /our-work, /education, /legal-notice, /privacy-policy, /impressum, /cookie-policy, /login, ...)",src/App.tsx:226-245; src/contexts/LanguageContext.tsx:119-149,SPA shell 200 (middleware not matched); client navigate() to /{saved or en}{path},HTTP GET,browsers; crawlers,,,active,SPA fallback via ASSETS (parity); server 308s would be a behaviour change,microns-site,1,"No noindex, no server canonical",H-9,audit:frontend-routing-seo#11
RF-app-private,route-family,"Authenticated app: /customer/*, /partner/*, /dashboard/** (incl. /dashboard/xometry, /dashboard/inventory/*), /customers, /partners, /calendar, /products, /rfq*, /orders*",src/App.tsx:248-313; src/contexts/LanguageContext.tsx:27-41,SPA shell 200; robots.txt disallows most,HTTP GET,browsers; crawlers,,,active,SPA fallback via ASSETS; optional X-Robots-Tag noindex; optional Access on /dashboard* (Phase 6),microns-site,1,Unknown non-language paths render an empty <Routes>; no <Route path='*'>,H-28,audit:frontend-routing-seo#12; audit:python-bots-mcp-ci#9
RF-tenant-hosts,route-family,"Tenant hosts {slug}.micronshub.eu/* (live tenants: micronshub, laserkritis; no custom domains)",src/utils/tenantApi.ts:22-51; src/contexts/TenantContext.tsx:38-78; src/pages/tenants/customPageRegistry.ts:8-10,Same Vercel deployment via *.micronshub.eu wildcard domain; tenant resolved client-side from window.location.hostname,HTTP GET,browsers; crawlers,,,active,Workers Route *.micronshub.eu/* on a proxied wildcard record; Cloudflare for SaaS deferred until a real custom domain exists,microns-site,3,Middleware injects Microns SEO body and www canonical on tenant hosts (PLAN.md Q9),H-13; H-25,audit:frontend-routing-seo#13; live 2026-09-30
RF-sitemaps,route-family,"/sitemap.xml, /sitemap-complete.xml, /sitemap-index.xml, /sitemap-{lang}.xml (17 URLs)",vercel.json:130-145; api/sitemap.js,Vercel rewrites to the Node function api/sitemap.js (Supabase Storage first),HTTP GET,browsers; crawlers,,,active,microns-site sitemap routes before the asset fallback; Cache API 1 h; identical headers,microns-site,1,"Content-Type application/xml; charset=utf-8; Cache-Control public, max-age=3600, s-maxage=3600; Vary Accept-Encoding; /sitemap-index.xml and /sitemap-{lang}.xml serve stale 2025-12-30 blobs",H-12,audit:frontend-routing-seo#15; live 2026-09-30
RF-soft404,route-family,"Unknown paths: /{lang}/unknown, /{lang}/a/b/c, /EN (uppercase), *.html suffix","middleware.ts:335-338, 591; src/components/TranslatedRouteMatcher.tsx:191,208",200 with SPA shell (NotFound rendered client-side); 3+ segments render a blank page,HTTP GET,browsers; crawlers,,,active,Replicate 200s in Phase 1; SEO_STRICT_404 / seo.strict_404 returns 404 + shell later (PLAN.md Q5),microns-site,1,Parity probes: 11 soft-404 classes x 2 languages (SEO_PARITY.md),H-9,plan §5 H-9; audit:critic
RF-path-variants,route-family,"Trailing and double slash variants (/en/, /en//services)",middleware.ts:335-338,"Middleware normalises: 200, canonical without slash; Vercel-level normalisation unverified",HTTP GET,browsers; crawlers,,,active,"SEO handler with html_handling 'none' (the default auto-trailing-slash would add 307 redirects: CF docs, verified 2026-09-27)",microns-site,1,Baseline must record Vercel behaviour before cutover,H-10,plan §5 H-10
RF-reset-password,route-family,/reset-password,src/contexts/AuthContext.tsx:219-220; src/contexts/LanguageContext.tsx:33,No route or page: password-reset e-mails land on a blank shell,HTTP GET,browsers; crawlers,,,active,SPA fallback (parity); add the route as Phase 6 debt; Supabase Auth redirect allowlist gains the preview host (P0-6),microns-site,6,Auth flows on the preview host fail unless Supabase Auth URL configuration is updated,H-22,audit:critic; plan §5 H-22
RD-01,redirect,/nl/blog/knoedelen-ontwerpen-voor-diamant-vs-rechte-patronen,vercel.json:3-7,Vercel edge redirect to /nl/blog/kartelen-ontwerpen-voor-diamant-vs-rechte-patronen (308),HTTP GET,legacy inbound links; crawlers,,,active (308); status to confirm in baseline P0-3,"microns-site redirect table: 308 to /nl/blog/kartelen-ontwerpen-voor-diamant-vs-rechte-patronen, evaluated before the SEO handler, matched on the raw and NFC-decoded pathname",microns-site,1,destination /nl/blog/kartelen-ontwerpen-voor-diamant-vs-rechte-patronen; status 308 (permanent: true); also in client map src/components/SEORedirects.tsx:16,H-11,repo vercel.json:4; audit:frontend-routing-seo#27; audit:api-lib#12; audit:docs-secrets-services#72
RD-02,redirect,/sv/spjutsgjutning,vercel.json:8-12,Vercel edge redirect to /sv/tjanster/formsprutning (308),HTTP GET,legacy inbound links; crawlers,,,active (308); status to confirm in baseline P0-3,"microns-site redirect table: 308 to /sv/tjanster/formsprutning, evaluated before the SEO handler, matched on the raw and NFC-decoded pathname",microns-site,1,destination /sv/tjanster/formsprutning; status 308 (permanent: true); also in client map src/components/SEORedirects.tsx:19,H-11,repo vercel.json:9; audit:frontend-routing-seo#28
RD-03,redirect,/sv/sprutgjutning,vercel.json:13-17,Vercel edge redirect to /sv/tjanster/formsprutning (308),HTTP GET,legacy inbound links; crawlers,,,active (308); status to confirm in baseline P0-3,"microns-site redirect table: 308 to /sv/tjanster/formsprutning, evaluated before the SEO handler, matched on the raw and NFC-decoded pathname",microns-site,1,destination /sv/tjanster/formsprutning; status 308 (permanent: true); also in client map src/components/SEORedirects.tsx:21,H-11,repo vercel.json:14; audit:frontend-routing-seo#29
RD-04,redirect,/sv/platarbe,vercel.json:18-22,Vercel edge redirect to /sv/tjanster/platbearbetning (308),HTTP GET,legacy inbound links; crawlers,,,active (308); status to confirm in baseline P0-3,"microns-site redirect table: 308 to /sv/tjanster/platbearbetning, evaluated before the SEO handler, matched on the raw and NFC-decoded pathname",microns-site,1,destination /sv/tjanster/platbearbetning; status 308 (permanent: true); also in client map src/components/SEORedirects.tsx:20,H-11,repo vercel.json:19; audit:frontend-routing-seo#30
RD-05,redirect,/sv/blog/krapplingsoperationer-design-for-diamant-vs-raka-monster,vercel.json:23-27,Vercel edge redirect to /sv/blogg/lattring-operationer-design-for-diamant-vs-raka-monster (308),HTTP GET,legacy inbound links; crawlers,,,active (308); status to confirm in baseline P0-3,"microns-site redirect table: 308 to /sv/blogg/lattring-operationer-design-for-diamant-vs-raka-monster, evaluated before the SEO handler, matched on the raw and NFC-decoded pathname",microns-site,1,destination /sv/blogg/lattring-operationer-design-for-diamant-vs-raka-monster; status 308 (permanent: true); also in client map src/components/SEORedirects.tsx:24,H-11,repo vercel.json:24; audit:frontend-routing-seo#31
RD-06,redirect,/sv/blogg/krapplingsoperationer-design-for-diamant-vs-raka-monster,vercel.json:28-32,Vercel edge redirect to /sv/blogg/lattring-operationer-design-for-diamant-vs-raka-monster (308),HTTP GET,legacy inbound links; crawlers,,,active (308); status to confirm in baseline P0-3,"microns-site redirect table: 308 to /sv/blogg/lattring-operationer-design-for-diamant-vs-raka-monster, evaluated before the SEO handler, matched on the raw and NFC-decoded pathname",microns-site,1,destination /sv/blogg/lattring-operationer-design-for-diamant-vs-raka-monster; status 308 (permanent: true); also in client map src/components/SEORedirects.tsx:25,H-11,repo vercel.json:29; audit:frontend-routing-seo#32
RD-07,redirect,/da/spjutsgodsning,vercel.json:33-37,Vercel edge redirect to /da/tjenester/sprojtestobning (308),HTTP GET,legacy inbound links; crawlers,,,active (308); status to confirm in baseline P0-3,"microns-site redirect table: 308 to /da/tjenester/sprojtestobning, evaluated before the SEO handler, matched on the raw and NFC-decoded pathname",microns-site,1,destination /da/tjenester/sprojtestobning; status 308 (permanent: true); also in client map src/components/SEORedirects.tsx:28,H-11,repo vercel.json:34; audit:frontend-routing-seo#33
RD-08,redirect,/da/sproejtestoebning,vercel.json:38-42,Vercel edge redirect to /da/tjenester/sprojtestobning (308),HTTP GET,legacy inbound links; crawlers,,,active (308); status to confirm in baseline P0-3,"microns-site redirect table: 308 to /da/tjenester/sprojtestobning, evaluated before the SEO handler, matched on the raw and NFC-decoded pathname",microns-site,1,destination /da/tjenester/sprojtestobning; status 308 (permanent: true); also in client map src/components/SEORedirects.tsx:29,H-11,repo vercel.json:39; audit:frontend-routing-seo#34
RD-09,redirect,/nb/spjutsgjetting,vercel.json:43-47,Vercel edge redirect to /nb/tjenester/sproytestoping (308),HTTP GET,legacy inbound links; crawlers,,,active (308); status to confirm in baseline P0-3,"microns-site redirect table: 308 to /nb/tjenester/sproytestoping, evaluated before the SEO handler, matched on the raw and NFC-decoded pathname",microns-site,1,destination /nb/tjenester/sproytestoping; status 308 (permanent: true); also in client map src/components/SEORedirects.tsx:32,H-11,repo vercel.json:44; audit:frontend-routing-seo#35
RD-10,redirect,/nb/sproyetestoping,vercel.json:48-52,Vercel edge redirect to /nb/tjenester/sproytestoping (308),HTTP GET,legacy inbound links; crawlers,,,active (308); status to confirm in baseline P0-3,"microns-site redirect table: 308 to /nb/tjenester/sproytestoping, evaluated before the SEO handler, matched on the raw and NFC-decoded pathname",microns-site,1,destination /nb/tjenester/sproytestoping; status 308 (permanent: true); also in client map src/components/SEORedirects.tsx:33,H-11,repo vercel.json:49; audit:frontend-routing-seo#36
RD-11,redirect,/it/blog/minimizzare-chiacchiericcio-fresatura-cavita-profonde,vercel.json:53-57,Vercel edge redirect to /it/blog/minimizzare-vibrazioni-fresatura-cavita-profonde (308),HTTP GET,legacy inbound links; crawlers,,,active (308); status to confirm in baseline P0-3,"microns-site redirect table: 308 to /it/blog/minimizzare-vibrazioni-fresatura-cavita-profonde, evaluated before the SEO handler, matched on the raw and NFC-decoded pathname",microns-site,1,destination /it/blog/minimizzare-vibrazioni-fresatura-cavita-profonde; status 308 (permanent: true); also in client map src/components/SEORedirects.tsx:36,H-11,repo vercel.json:54; audit:frontend-routing-seo#37
RD-12,redirect,/pl/wykoÅczenie-powierzchni,vercel.json:58-62,Vercel edge redirect to /pl/uslugi/wykonczenie-powierzchni (308),HTTP GET,legacy inbound links; crawlers,,,"active config, never matches (dead source); status to confirm in baseline P0-3","microns-site redirect table: 308 to /pl/uslugi/wykonczenie-powierzchni, evaluated before the SEO handler, matched on the raw and NFC-decoded pathname",microns-site,1,"destination /pl/uslugi/wykonczenie-powierzchni; status 308 (permanent: true); source bytes after /pl/wyko are C3 85 C2 84 (double-encoded n-acute); no real request matches it, so it is dead today; keep this entry byte-identical; the real URL /pl/wyko%C5%84czenie-powierzchni is handled by RD-28",H-11,repo vercel.json:59; audit:frontend-routing-seo#38
RD-13,redirect,/dawycena,vercel.json:63-67,Vercel edge redirect to /pl/wycena (308),HTTP GET,legacy inbound links; crawlers,,,active (308); status to confirm in baseline P0-3,"microns-site redirect table: 308 to /pl/wycena, evaluated before the SEO handler, matched on the raw and NFC-decoded pathname",microns-site,1,destination /pl/wycena; status 308 (permanent: true); also in client map src/components/SEORedirects.tsx:44,H-11,repo vercel.json:64; audit:frontend-routing-seo#39
RD-14,redirect,/en/dawycena,vercel.json:68-72,Vercel edge redirect to /pl/wycena (308),HTTP GET,legacy inbound links; crawlers,,,active (308); status to confirm in baseline P0-3,"microns-site redirect table: 308 to /pl/wycena, evaluated before the SEO handler, matched on the raw and NFC-decoded pathname",microns-site,1,"destination /pl/wycena; status 308 (permanent: true); also in client map src/components/SEORedirects.tsx:45; source sits inside the /{lang}/* matcher, so the table must run before the SEO handler",H-11,repo vercel.json:69; audit:frontend-routing-seo#40
RD-15,redirect,/danotre-travail,vercel.json:73-77,Vercel edge redirect to /fr/notre-travail (308),HTTP GET,legacy inbound links; crawlers,,,active (308); status to confirm in baseline P0-3,"microns-site redirect table: 308 to /fr/notre-travail, evaluated before the SEO handler, matched on the raw and NFC-decoded pathname",microns-site,1,destination /fr/notre-travail; status 308 (permanent: true); also in client map src/components/SEORedirects.tsx:46,H-11,repo vercel.json:74; audit:frontend-routing-seo#41
RD-16,redirect,/csservicos/usinagem-cnc,vercel.json:78-82,Vercel edge redirect to /pt/servicos/usinagem-cnc (308),HTTP GET,legacy inbound links; crawlers,,,active (308); status to confirm in baseline P0-3,"microns-site redirect table: 308 to /pt/servicos/usinagem-cnc, evaluated before the SEO handler, matched on the raw and NFC-decoded pathname",microns-site,1,destination /pt/servicos/usinagem-cnc; status 308 (permanent: true); also in client map src/components/SEORedirects.tsx:47,H-11,repo vercel.json:79; audit:frontend-routing-seo#42
RD-17,redirect,/daservices/sheet-metal,vercel.json:83-87,Vercel edge redirect to /da/tjenester/pladearbejde (308),HTTP GET,legacy inbound links; crawlers,,,active (308); status to confirm in baseline P0-3,"microns-site redirect table: 308 to /da/tjenester/pladearbejde, evaluated before the SEO handler, matched on the raw and NFC-decoded pathname",microns-site,1,destination /da/tjenester/pladearbejde; status 308 (permanent: true); also in client map src/components/SEORedirects.tsx:48,H-11,repo vercel.json:84; audit:frontend-routing-seo#43
RD-18,redirect,/deservicos/prototipagem-rapida,vercel.json:88-92,Vercel edge redirect to /pt/servicos/prototipagem-rapida (308),HTTP GET,legacy inbound links; crawlers,,,active (308); status to confirm in baseline P0-3,"microns-site redirect table: 308 to /pt/servicos/prototipagem-rapida, evaluated before the SEO handler, matched on the raw and NFC-decoded pathname",microns-site,1,destination /pt/servicos/prototipagem-rapida; status 308 (permanent: true); also in client map src/components/SEORedirects.tsx:49,H-11,repo vercel.json:89; audit:frontend-routing-seo#44
RD-19,redirect,/daservices/impression-3d,vercel.json:93-97,Vercel edge redirect to /fr/services/impression-3d (308),HTTP GET,legacy inbound links; crawlers,,,active (308); status to confirm in baseline P0-3,"microns-site redirect table: 308 to /fr/services/impression-3d, evaluated before the SEO handler, matched on the raw and NFC-decoded pathname",microns-site,1,destination /fr/services/impression-3d; status 308 (permanent: true); also in client map src/components/SEORedirects.tsx:50,H-11,repo vercel.json:94; audit:frontend-routing-seo#45
RD-20,redirect,/nbservicos/prototipagem-rapida,vercel.json:98-102,Vercel edge redirect to /pt/servicos/prototipagem-rapida (308),HTTP GET,legacy inbound links; crawlers,,,active (308); status to confirm in baseline P0-3,"microns-site redirect table: 308 to /pt/servicos/prototipagem-rapida, evaluated before the SEO handler, matched on the raw and NFC-decoded pathname",microns-site,1,destination /pt/servicos/prototipagem-rapida; status 308 (permanent: true); also in client map src/components/SEORedirects.tsx:51,H-11,repo vercel.json:99; audit:frontend-routing-seo#46
RD-21,redirect,/svorcamento,vercel.json:103-107,Vercel edge redirect to /sv/offert (308),HTTP GET,legacy inbound links; crawlers,,,active (308); status to confirm in baseline P0-3,"microns-site redirect table: 308 to /sv/offert, evaluated before the SEO handler, matched on the raw and NFC-decoded pathname",microns-site,1,destination /sv/offert; status 308 (permanent: true); also in client map src/components/SEORedirects.tsx:52,H-11,repo vercel.json:104; audit:frontend-routing-seo#47
RD-22,redirect,/huorcamento,vercel.json:108-112,Vercel edge redirect to /hu/ajanlat (308),HTTP GET,legacy inbound links; crawlers,,,active (308); status to confirm in baseline P0-3,"microns-site redirect table: 308 to /hu/ajanlat, evaluated before the SEO handler, matched on the raw and NFC-decoded pathname",microns-site,1,destination /hu/ajanlat; status 308 (permanent: true); also in client map src/components/SEORedirects.tsx:53,H-11,repo vercel.json:109; audit:frontend-routing-seo#48
RD-23,redirect,/itorcamento,vercel.json:113-117,Vercel edge redirect to /it/preventivo (308),HTTP GET,legacy inbound links; crawlers,,,active (308); status to confirm in baseline P0-3,"microns-site redirect table: 308 to /it/preventivo, evaluated before the SEO handler, matched on the raw and NFC-decoded pathname",microns-site,1,destination /it/preventivo; status 308 (permanent: true); also in client map src/components/SEORedirects.tsx:54,H-11,repo vercel.json:114; audit:frontend-routing-seo#49
RD-24,redirect,/daorcamento,vercel.json:118-122,Vercel edge redirect to /da/tilbud (308),HTTP GET,legacy inbound links; crawlers,,,active (308); status to confirm in baseline P0-3,"microns-site redirect table: 308 to /da/tilbud, evaluated before the SEO handler, matched on the raw and NFC-decoded pathname",microns-site,1,destination /da/tilbud; status 308 (permanent: true); also in client map src/components/SEORedirects.tsx:55,H-11,repo vercel.json:119; audit:frontend-routing-seo#50
RD-25,redirect,/deorcamento,vercel.json:123-127,Vercel edge redirect to /de/angebot (308),HTTP GET,legacy inbound links; crawlers,,,active (308); status to confirm in baseline P0-3,"microns-site redirect table: 308 to /de/angebot, evaluated before the SEO handler, matched on the raw and NFC-decoded pathname",microns-site,1,destination /de/angebot; status 308 (permanent: true); also in client map src/components/SEORedirects.tsx:56,H-11,repo vercel.json:124; audit:frontend-routing-seo#51
RD-26,redirect,/csoffert,src/components/SEORedirects.tsx:43,"client-only: 200 SPA shell, then navigate(replace) to /cs/nabidka (src/components/SEORedirects.tsx:188)",HTTP GET,legacy inbound links; crawlers,,,client-only (HTTP 200 today),microns-site redirect table: 308 to /cs/nabidka (plan §7 router step 1),microns-site,1,"destination /cs/nabidka; deliberate change 200 -> 308, record in the SEO_PARITY allow-list; client map stays as fallback",H-11,repo src/components/SEORedirects.tsx:43; audit:frontend-routing-seo#14
RD-27,redirect,/enoffert,src/components/SEORedirects.tsx:57,"client-only: 200 SPA shell, then navigate(replace) to /en/quote (src/components/SEORedirects.tsx:188)",HTTP GET,legacy inbound links; crawlers,,,client-only (HTTP 200 today),microns-site redirect table: 308 to /en/quote (plan §7 router step 1),microns-site,1,"destination /en/quote; deliberate change 200 -> 308, record in the SEO_PARITY allow-list; client map stays as fallback",H-11,repo src/components/SEORedirects.tsx:57; audit:frontend-routing-seo#14
RD-28,redirect,/pl/wykończenie-powierzchni (and /pl/wyko%C5%84czenie-powierzchni),src/components/SEORedirects.tsx:39-40; src/components/TranslatedRouteMatcher.tsx:90,"client-only: 200 SPA shell, then navigate(replace) to /pl/uslugi/wykonczenie-powierzchni (src/components/SEORedirects.tsx:188)",HTTP GET,legacy inbound links; crawlers,,,client-only (HTTP 200 today),microns-site redirect table: 308 to /pl/uslugi/wykonczenie-powierzchni (plan §7 router step 1),microns-site,1,"destination /pl/uslugi/wykonczenie-powierzchni; deliberate change 200 -> 308, record in the SEO_PARITY allow-list; client map stays as fallback",H-11,repo src/components/SEORedirects.tsx:39-40; audit:frontend-routing-seo#14
RD-P1,redirect,Pattern ^/(lang)(quote|offert|nabidka|wycena|tilbud|devis|ajanlat|preventivo|orcamento)$ (case-insensitive),src/components/SEORedirects.tsx:66,"client-only regex: 200 shell, then navigate(replace) to /{lang}/{translated quote slug}",HTTP GET,malformed inbound links,,,client-only (HTTP 200 today),Port to the microns-site redirect table as a regex rule (308) or keep client-only; decide in Phase 1 and record in the parity allow-list,microns-site,1,Destination slug comes from i18n translateUrlPath; server port needs the same slug table,H-11,repo src/components/SEORedirects.tsx:62-69
RD-P2,redirect,Pattern ^/(lang)/(otherlang)(wycena|offert|nabidka|tilbud|devis|ajanlat|preventivo|orcamento|quote)$ (case-insensitive),src/components/SEORedirects.tsx:73,"client-only regex: 200 shell (SEO handler body), then navigate(replace) to /{otherlang}/{quote slug}",HTTP GET,malformed inbound links,,,client-only (HTTP 200 today),Port to the microns-site redirect table as a regex rule (308) or keep client-only; decide in Phase 1,microns-site,1,"Path sits inside the /{lang}/* matcher, so today it receives an SEO body first",H-9; H-11,repo src/components/SEORedirects.tsx:70-76
RW-01,rewrite,/sitemap.xml -> /api/sitemap?type=main-index,vercel.json:130-133,Vercel rewrite,HTTP request,crawlers; browsers,,,active,microns-site sitemap route (type=main-index: tiny sitemapindex pointing to /sitemap-complete.xml); Cache API 1 h,microns-site,1,api/sitemap.js:377-389 builds the index,H-12,repo vercel.json:131; audit:frontend-routing-seo#52; audit:api-lib#12; audit:docs-secrets-services#72
RW-02,rewrite,/sitemap-complete.xml -> /api/sitemap,vercel.json:134-137,Vercel rewrite,HTTP request,crawlers; browsers,,,active,"microns-site sitemap route (full urlset, Storage-first, dynamic fallback); Cache API 1 h",microns-site,1,"6,273,304-byte blob regenerated daily 09:00 (live 2026-09-30)",H-12,repo vercel.json:135; audit:frontend-routing-seo#53
RW-03,rewrite,/sitemap-index.xml -> /api/sitemap?type=index,vercel.json:138-141,Vercel rewrite,HTTP request,crawlers; browsers,,,active,microns-site sitemap route (legacy Storage blob),microns-site,1,serves a stale 2025-12-30 blob; order: must precede /sitemap-:lang.xml,H-12,repo vercel.json:139; audit:frontend-routing-seo#54
RW-04,rewrite,/sitemap-:lang.xml -> /api/sitemap?type=lang&lang=:lang,vercel.json:142-145,Vercel rewrite,HTTP request,crawlers; browsers,,,active,microns-site sitemap route /sitemap-{lang}.xml,microns-site,1,14 stale 2025-12-30 blobs; path parameter rewrite,H-12,repo vercel.json:143; audit:frontend-routing-seo#55
RW-05,rewrite,/robots.txt -> /robots.txt,vercel.json:146-149,Vercel rewrite,HTTP request,crawlers; browsers,,,active,Drop (no-op); robots.txt served as a static asset,microns-site,1,no-op today: the static file wins,H-28,repo vercel.json:147; audit:frontend-routing-seo#56
RW-06,rewrite,/api/track -> /api/marketing?action=track,vercel.json:150-153,Vercel rewrite,HTTP request,crawlers; browsers; e-mail clients,,,active,microns-site alias route /api/track -> marketing track handler (identical path),microns-site,2,URL may be embedded in already-sent e-mails,H-14,repo vercel.json:151; audit:frontend-routing-seo#57
RW-07,rewrite,/api/connector-status -> /api/tenders?connectors=true,vercel.json:154-157,Vercel rewrite,HTTP request,crawlers; browsers,,,active,Alias route kept at the identical path; microns-site router forwards to microns-ops over the OPS binding,microns-ops,2,added to stay under the 12-function Hobby limit,,repo vercel.json:155; audit:frontend-routing-seo#58
RW-08,rewrite,/(.*) -> /index.html,vercel.json:158-161,Vercel rewrite,HTTP request,crawlers; browsers,,,active,ASSETS not_found_handling 'single-page-application' (never a _redirects rule),microns-site,1,every non-file path returns the shell with 200 today,H-3; H-8,repo vercel.json:159; audit:frontend-routing-seo#59
HR-01,header-rule,/api/(.*) headers,vercel.json:164-171,Vercel header injection,HTTP response,browsers,,,active,Hono cors() on every /api route in microns-site and microns-ops with the same header values and OPTIONS handling,microns-site,2,"Access-Control-Allow-Credentials: true; Access-Control-Allow-Origin: *; Access-Control-Allow-Methods: GET,OPTIONS,PATCH,DELETE,POST,PUT; Access-Control-Allow-Headers: X-CSRF-Token, X-Requested-With, Accept, Accept-Version, Content-Length, Content-MD5, Content-Type, Date, X-Api-Version. Allow-Credentials true with Origin * is rejected by browsers for credentialed requests (pre-existing); Allow-Headers omits Authorization (api/_lib/admin-auth.js:58-66 sets its own list)",H-28,repo vercel.json:165; audit:frontend-routing-seo#60; audit:api-lib#12; audit:docs-secrets-services#72
HR-02,header-rule,/assets/(.*\.js) headers,vercel.json:173-177,Vercel header injection,HTTP response,browsers,,,active,"Static Assets MIME inference, or an optional _headers rule if the charset parameter must match",microns-site,1,Content-Type: application/javascript; charset=utf-8. Compare Content-Type byte-for-byte in the parity diff,H-28,repo vercel.json:174; audit:frontend-routing-seo#61
HR-03,header-rule,/assets/(.*\.css) headers,vercel.json:179-183,Vercel header injection,HTTP response,browsers,,,active,"Static Assets MIME inference, or an optional _headers rule if the charset parameter must match",microns-site,1,Content-Type: text/css; charset=utf-8. Compare Content-Type byte-for-byte in the parity diff,H-28,repo vercel.json:180; audit:frontend-routing-seo#62
API-emails,api-endpoint,POST /api/emails,api/emails.js,Vercel Node serverless function (Hobby),"HTTP POST from the SPA (Contact.tsx, ContactForm.tsx, emailService.ts, rfqPdfEmailService.ts)",src/pages/Contact.tsx; src/components/contact/ContactForm.tsx; src/utils/emailService.ts; src/utils/rfqPdfEmailService.ts,api.resend.com,RESEND_API_KEY,deployed,"microns-site /api/emails (local, browser-facing); Turnstile + rate limit + auth gates",microns-site,2,Actions contact | email (default) | rfq | rfq-pdf; action from body then query (api/emails.js:367); rfq-pdf carries base64 PDF (Vercel 4.5 MB body cap); auth gap - see private note,H-6; H-20,audit:api-lib#0
API-s3,api-endpoint,POST /api/s3?action=…&scope=rfq|articles,api/s3.js,Vercel Node serverless function (Hobby),"HTTP POST from the SPA (s3Api.ts, awsS3Storage.ts, articleImageStorage.ts)",src/utils/s3Api.ts; src/utils/awsS3Storage.ts; src/utils/articleImageStorage.ts,"AWS S3 (eu-north-1): presigned PUT/GET, DeleteObject, ListObjectsV2",AWS_* (see ENV rows),deployed,"microns-site /api/s3 backed by R2 PRIVATE_FILES (aws4fetch presign) for new objects; legacy S3 read-only via LEGACY_AWS_*; same response shapes {uploadUrl,key,publicUrl}/{url}/{objects}",microns-site,2,publicUrl https://{bucket}.s3.{region}.amazonaws.com/{key} is persisted in DB rows; auth gap - see private note,H-6; H-17,audit:api-lib#5; audit:data-layer#13
API-marketing,api-endpoint,/api/marketing?action=track|webhook|google-auth|apollo-enrich (+ alias /api/track),api/marketing.js,Vercel Node serverless function (Hobby),"E-mail clients (pixel/click/unsubscribe), Resend webhook, SPA popups",supabase/functions/send-campaign; supabase/functions/process-followups; src/utils/spintax.ts; SenderAccountsManager.tsx; ApolloEnrichment.tsx; Resend,accounts.google.com; oauth2.googleapis.com; www.googleapis.com/oauth2/v2/userinfo; api.apollo.io,SUPABASE_URL; SUPABASE_SERVICE_ROLE_KEY; RESEND_WEBHOOK_SECRET; GOOGLE_CLIENT_ID; GOOGLE_CLIENT_SECRET; GOOGLE_REDIRECT_URI; VERCEL_URL; APOLLO_API_KEY,deployed,"microns-site router: track local; webhook, google-auth and apollo-enrich forwarded to microns-ops",microns-site,2,Tracking URLs are baked into every campaign e-mail ever sent (default host apex); pixel via res.end(Buffer); click 302; auth gap - see private note,H-6; H-14; H-15; H-20,audit:api-lib#3
API-notifications,api-endpoint,/api/notifications (action: partner | production-status | nest | inv-*),"api/notifications.js (+ lib/nesting/*, lib/inventory/*)",Vercel Node serverless function (Hobby),"HTTP from the SPA (partnerNotificationUtils.ts, RfqDetails.tsx, OrderDetailsPage.tsx, inventoryApi.ts)",src/utils/partnerNotificationUtils.ts; src/utils/inventoryApi.ts; src/pages/RfqDetails.tsx; src/pages/OrderDetailsPage.tsx,api.resend.com; api.telegram.org (per-tenant token); Supabase REST/RPC,RESEND_API_KEY; SUPABASE_URL; SUPABASE_SERVICE_ROLE_KEY,deployed,"microns-site for partner, production-status and inv-* CRUD; nest to microns-ops (Container or DO with raised cpu_ms); inv-cron-batch to a microns-ops Cron Trigger",microns-site,2,22 actions in code (19 inv-* at lib/inventory/index.js); auth gap - see private note,H-6; H-18; H-20,audit:api-lib#4
API-gsc,api-endpoint,/api/gsc?action=… (6 actions),"api/gsc.js (+ api/_lib/admin-auth.js, api/_lib/gsc-client.js)",Vercel Node serverless function (Hobby),HTTP from /dashboard/seo with a Supabase access token,src/pages/dashboard/SeoConsolePage.tsx,oauth2.googleapis.com; searchconsole.googleapis.com; www.googleapis.com/webmasters/v3; indexing.googleapis.com,SUPABASE_URL; SUPABASE_ANON_KEY; SUPABASE_SERVICE_ROLE_KEY (alias SUPABASE_SERVICE_KEY); Google credentials in gsc_config row,deployed,microns-ops Hono route (admin-auth ported; crypto.createSign to WebCrypto or nodejs_compat); bulk actions may move to a Workflow,microns-ops,2,The only /api route with a staff-role check today (api/_lib/admin-auth.js:18-56); DELETE requests carry JSON bodies,H-20,audit:api-lib#2; audit:python-bots-mcp-ci#12
API-tenders,api-endpoint,/api/tenders (GET list/filter/export; PATCH) + alias /api/connector-status,api/tenders.js,Vercel Node serverless function (Hobby),HTTP from TenderMonitorPage.tsx,src/pages/dashboard/TenderMonitorPage.tsx; mcp-server/src/index.ts (stale export URL),"Supabase REST (tenders, tender_connectors, tender_scan_logs)",SUPABASE_URL; SUPABASE_SERVICE_ROLE_KEY (anon fallback),deployed,microns-ops Hono route + alias,microns-ops,2,"CSV export up to 5,000 rows with UTF-8 BOM; auth gap - see private note",H-6,audit:api-lib#11
API-tender-scan,api-endpoint,POST /api/tender-scan {country_code},"api/tender-scan.js (+ lib/connectors/*, lib/scoring.js, lib/keywords.js, lib/cpv-codes.js, lib/utils.js)",Vercel Node serverless function (Hobby),"tender-collector edge function (POST ${SITE_URL}/api/tender-scan, 25 s abort); TenderMonitorPage.tsx; mcp-server",supabase/functions/tender-collector/index.ts:68; src/pages/dashboard/TenderMonitorPage.tsx; mcp-server/src/index.ts,TED + ~50 national portals; api.telegram.org,SUPABASE_URL; SUPABASE_SERVICE_ROLE_KEY; TELEGRAM_BOT_TOKEN; TELEGRAM_CHAT_ID,deployed,microns-ops route returns 202 and enqueues to the scrapes Queue; consumer runs the connectors,microns-ops,2,Wall time tens of seconds to minutes (exceeds the caller's 25 s abort); path must stay identical (called by tender-collector),H-6; H-14,audit:api-lib#10
API-funded-startups,api-endpoint,/api/funded-startups (GET; POST scan; PATCH),api/funded-startups.js,Vercel Node serverless function (Hobby),HTTP from FundedStartupsPage.tsx and mcp-server,src/pages/dashboard/FundedStartupsPage.tsx; mcp-server/src/index.ts:1552,RSS/Atom feeds from funding_feeds; article pages; api.telegram.org,SUPABASE_URL; SUPABASE_SERVICE_ROLE_KEY (anon fallback); TELEGRAM_BOT_TOKEN; TELEGRAM_CHAT_ID,deployed,microns-ops: GET/PATCH routes; POST scan to the scrapes Queue + Cron Trigger (202 + run id),microns-ops,2,Sequential scan loop runs for minutes; no scheduler found in repo; auth gap - see private note,H-6,audit:api-lib#1
API-scan-directory,api-endpoint,"POST /api/scan-directory {url, source?}",api/scan-directory.js,Vercel Node serverless function (Hobby),CompanyScannerPage.tsx; mcp-server,"src/pages/dashboard/CompanyScannerPage.tsx; mcp-server/src/index.ts:541,815",Europages / wlw pages,none,deployed,microns-ops Hono route; Browser Rendering only if plain fetch is blocked from Cloudflare egress,microns-ops,2,15 s abort; regex / JSON-LD parsing; no DB writes; auth gap - see private note,H-6,audit:api-lib#6
API-scrape-company-profile,api-endpoint,"POST /api/scrape-company-profile {url, source}",api/scrape-company-profile.js,Vercel Node serverless function (Hobby),CompanyScannerPage.tsx,src/pages/dashboard/CompanyScannerPage.tsx,Europages / wlw profile pages,none,deployed,microns-ops Hono route,microns-ops,2,No DB writes; auth gap - see private note,H-6,audit:api-lib#7
API-scrape-website,api-endpoint,POST /api/scrape-website {urls[<=25]},api/scrape-website.js,Vercel Node serverless function (Hobby),CompanyScannerPage.tsx; EmailScraperView.tsx; mcp-server,src/pages/dashboard/CompanyScannerPage.tsx; src/components/dashboard/marketing/EmailScraperView.tsx; mcp-server/src/index.ts:683,arbitrary company websites,none,deployed,"microns-ops Hono route; cap outbound concurrency at 6 (6 simultaneous outgoing connections per request: CF docs, verified 2026-09-27)",microns-ops,2,"Batches of 5, 8 s timeout, 500 KB per page; auth gap - see private note",H-6,audit:api-lib#8
API-sitemap,api-endpoint,/api/sitemap (?type=main-index | none | index | lang),api/sitemap.js,Vercel Node serverless function (Hobby),vercel.json rewrites RW-01..RW-04,search engines; public/robots.txt:36; SeoConsolePage (GSC sitemaps),"Supabase Storage bucket sitemaps; Supabase REST (articles, content_pages) with the anon key",SUPABASE_ANON_KEY (no VITE_ fallback); project URL hard-coded (api/sitemap.js:24),deployed,microns-site sitemap routes (Phase 1); Phase 5 blobs move to R2 microns-private sitemaps/…,microns-site,1,Headers api/sitemap.js:391-396; dynamic fallback builds 11 static pages x 14 languages + content_pages + articles,H-12,audit:api-lib#9
API-flat-pattern,api-endpoint,POST /flat-pattern (sheet-metal-service),sheet-metal-service/main.py:445,VPS Docker (host not recorded),extract-flat-pattern and generate-manufacturing-pdf edge functions (120 s client timeout),supabase/functions/extract-flat-pattern/index.ts:153; supabase/functions/generate-manufacturing-pdf/index.ts:63,downloads file_url (S3 presigned GET),API_KEY (not applied to this route),deployed,microns-cad Container behind the CadRouter DO in microns-ops; byte-identical request/response contract; shared secret CAD_SHARED_SECRET + hard wall-clock,microns-cad,5,"Response keys flat_pattern, bends, analysis, warnings, dxf_base64, svg_base64 (sheet-metal-service/main.py:611-678); auth gap - see private note",,audit:python-bots-mcp-ci#1
API-cad-v1,api-endpoint,"sheet-metal-service /api/v1/unfold, /api/v1/unfold/preview, /api/v1/unfold/info, /api/v1/health, /health","sheet-metal-service/main.py:243,337,377,690,712",VPS Docker (host not recorded),no in-repo callers (Docker HEALTHCHECK uses /health),none,none,none,deployed,Carried unchanged inside the microns-cad image,microns-cad,5,Only /flat-pattern has in-repo callers,,audit:python-bots-mcp-ci#0
ACT-emails-contact,api-action,/api/emails action=contact,api/emails.js:370,Vercel Node serverless function,HTTP from the SPA,see API-emails,,,active,"microns-site /api/emails, same action dispatch; Turnstile on contact/quote forms",microns-site,2,Resend send from info@micronshub.eu,H-6,repo api/emails.js:370
ACT-emails-rfq,api-action,/api/emails action=rfq,api/emails.js:372,Vercel Node serverless function,HTTP from the SPA,see API-emails,,,active,"microns-site /api/emails, same action dispatch; Turnstile on contact/quote forms",microns-site,2,Resend send from info@micronshub.eu,H-6,repo api/emails.js:372
ACT-emails-rfq-pdf,api-action,/api/emails action=rfq-pdf,api/emails.js:374,Vercel Node serverless function,HTTP from the SPA,see API-emails,,,active,"microns-site /api/emails, same action dispatch; Turnstile on contact/quote forms",microns-site,2,base64 PDF attachment,H-6,repo api/emails.js:374
ACT-emails-email,api-action,/api/emails action=email,api/emails.js:376,Vercel Node serverless function,HTTP from the SPA,see API-emails,,,active,"microns-site /api/emails, same action dispatch; Turnstile on contact/quote forms",microns-site,2,default action; Resend send from info@micronshub.eu,H-6,repo api/emails.js:376
ACT-notifications-partner,api-action,/api/notifications action=partner,api/notifications.js:270,Vercel Node serverless function,HTTP from the SPA,see API-notifications,,,active,microns-site /api/notifications (partner e-mails via Resend),microns-site,2,default action; POST only,H-6,repo api/notifications.js:270
ACT-notifications-production-status,api-action,/api/notifications action=production-status,api/notifications.js:268,Vercel Node serverless function,HTTP from the SPA,see API-notifications,,,active,microns-site /api/notifications (partner e-mails via Resend),microns-site,2,POST only,H-6,repo api/notifications.js:268
ACT-notifications-nest,api-action,/api/notifications action=nest,api/notifications.js:266,Vercel Node serverless function,HTTP from the SPA,see API-notifications,,,active,microns-ops: Container or Durable Object with raised cpu_ms (decide in Phase 2); not a plain request handler,microns-ops,2,"CPU-bound nesting (lib/nesting, 50 s budget, ClipperLib); NestingError TIMEOUT returns 504",H-18,repo api/notifications.js:266
ACT-notifications-inv-materials,api-action,/api/notifications action=inv-materials,lib/inventory/index.js:480,Vercel Node serverless function,HTTP from the SPA,see API-notifications,,,active,microns-site /api/notifications inventory CRUD (GET/POST/PUT),microns-site,2,Inventory CRUD; auth gap - see private note,H-6,repo lib/inventory/index.js:480
ACT-notifications-inv-stock,api-action,/api/notifications action=inv-stock,lib/inventory/index.js:484,Vercel Node serverless function,HTTP from the SPA,see API-notifications,,,active,microns-site /api/notifications inventory CRUD (GET/POST/PUT),microns-site,2,Inventory CRUD; auth gap - see private note,H-6,repo lib/inventory/index.js:484
ACT-notifications-inv-stock-receive,api-action,/api/notifications action=inv-stock-receive,lib/inventory/index.js:486,Vercel Node serverless function,HTTP from the SPA,see API-notifications,,,active,microns-site /api/notifications inventory CRUD (GET/POST/PUT),microns-site,2,Inventory CRUD; auth gap - see private note,H-6,repo lib/inventory/index.js:486
ACT-notifications-inv-stock-adjust,api-action,/api/notifications action=inv-stock-adjust,lib/inventory/index.js:488,Vercel Node serverless function,HTTP from the SPA,see API-notifications,,,active,microns-site /api/notifications inventory CRUD (GET/POST/PUT),microns-site,2,Inventory CRUD; auth gap - see private note,H-6,repo lib/inventory/index.js:488
ACT-notifications-inv-stock-summary,api-action,/api/notifications action=inv-stock-summary,lib/inventory/index.js:490,Vercel Node serverless function,HTTP from the SPA,see API-notifications,,,active,microns-site /api/notifications inventory CRUD (GET/POST/PUT),microns-site,2,Inventory CRUD; auth gap - see private note,H-6,repo lib/inventory/index.js:490
ACT-notifications-inv-stock-remnants,api-action,/api/notifications action=inv-stock-remnants,lib/inventory/index.js:492,Vercel Node serverless function,HTTP from the SPA,see API-notifications,,,active,microns-site /api/notifications inventory CRUD (GET/POST/PUT),microns-site,2,Inventory CRUD; auth gap - see private note,H-6,repo lib/inventory/index.js:492
ACT-notifications-inv-stock-scan,api-action,/api/notifications action=inv-stock-scan,lib/inventory/index.js:494,Vercel Node serverless function,HTTP from the SPA,see API-notifications,,,active,microns-site /api/notifications inventory CRUD (GET/POST/PUT),microns-site,2,Inventory CRUD; auth gap - see private note,H-6,repo lib/inventory/index.js:494
ACT-notifications-inv-sessions,api-action,/api/notifications action=inv-sessions,lib/inventory/index.js:498,Vercel Node serverless function,HTTP from the SPA,see API-notifications,,,active,microns-site /api/notifications inventory CRUD (GET/POST/PUT),microns-site,2,Inventory CRUD; auth gap - see private note,H-6,repo lib/inventory/index.js:498
ACT-notifications-inv-session-add-jobs,api-action,/api/notifications action=inv-session-add-jobs,lib/inventory/index.js:500,Vercel Node serverless function,HTTP from the SPA,see API-notifications,,,active,microns-site /api/notifications inventory CRUD (GET/POST/PUT),microns-site,2,Inventory CRUD; auth gap - see private note,H-6,repo lib/inventory/index.js:500
ACT-notifications-inv-session-remove-job,api-action,/api/notifications action=inv-session-remove-job,lib/inventory/index.js:502,Vercel Node serverless function,HTTP from the SPA,see API-notifications,,,active,microns-site /api/notifications inventory CRUD (GET/POST/PUT),microns-site,2,Inventory CRUD; auth gap - see private note,H-6,repo lib/inventory/index.js:502
ACT-notifications-inv-session-start,api-action,/api/notifications action=inv-session-start,lib/inventory/index.js:504,Vercel Node serverless function,HTTP from the SPA,see API-notifications,,,active,microns-site /api/notifications inventory CRUD (GET/POST/PUT),microns-site,2,Inventory CRUD; auth gap - see private note,H-6,repo lib/inventory/index.js:504
ACT-notifications-inv-session-complete,api-action,/api/notifications action=inv-session-complete,lib/inventory/index.js:506,Vercel Node serverless function,HTTP from the SPA,see API-notifications,,,active,microns-site /api/notifications inventory CRUD (GET/POST/PUT),microns-site,2,Inventory CRUD; auth gap - see private note,H-6,repo lib/inventory/index.js:506
ACT-notifications-inv-session-select-stock,api-action,/api/notifications action=inv-session-select-stock,lib/inventory/index.js:508,Vercel Node serverless function,HTTP from the SPA,see API-notifications,,,active,microns-site /api/notifications inventory CRUD (GET/POST/PUT),microns-site,2,Inventory CRUD; auth gap - see private note,H-6,repo lib/inventory/index.js:508
ACT-notifications-inv-alerts,api-action,/api/notifications action=inv-alerts,lib/inventory/index.js:512,Vercel Node serverless function,HTTP from the SPA,see API-notifications,,,active,microns-site /api/notifications inventory CRUD (GET/POST/PUT),microns-site,2,Inventory CRUD; auth gap - see private note,H-6,repo lib/inventory/index.js:512
ACT-notifications-inv-alert-resolve,api-action,/api/notifications action=inv-alert-resolve,lib/inventory/index.js:514,Vercel Node serverless function,HTTP from the SPA,see API-notifications,,,active,microns-site /api/notifications inventory CRUD (GET/POST/PUT),microns-site,2,Inventory CRUD; auth gap - see private note,H-6,repo lib/inventory/index.js:514
ACT-notifications-inv-label,api-action,/api/notifications action=inv-label,lib/inventory/index.js:518,Vercel Node serverless function,HTTP from the SPA,see API-notifications,,,active,microns-site; verify qrcode/pngjs under nodejs_compat or swap for a pure-JS encoder,microns-site,2,PDF label via pdf-lib; QRCode.toBuffer returns a Node Buffer,H-20,repo lib/inventory/index.js:518
ACT-notifications-inv-settings,api-action,/api/notifications action=inv-settings,lib/inventory/index.js:522,Vercel Node serverless function,HTTP from the SPA,see API-notifications,,,active,microns-site /api/notifications inventory CRUD (GET/POST/PUT),microns-site,2,Inventory CRUD; auth gap - see private note,H-6,repo lib/inventory/index.js:522
ACT-notifications-inv-transactions,api-action,/api/notifications action=inv-transactions,lib/inventory/index.js:526,Vercel Node serverless function,HTTP from the SPA,see API-notifications,,,active,microns-site /api/notifications inventory CRUD (GET/POST/PUT),microns-site,2,Inventory CRUD; auth gap - see private note,H-6,repo lib/inventory/index.js:526
ACT-notifications-inv-cron-batch,api-action,/api/notifications action=inv-cron-batch,lib/inventory/index.js:530,Vercel Node serverless function,HTTP from the SPA,see API-notifications,,,"reachable, never scheduled",microns-ops Cron Trigger calling runAutoBatch(); remove or gate the public HTTP action,microns-ops,2,"Not scheduled anywhere today (no Vercel cron, pg_cron or caller); lib/inventory/cron-batch.js",H-6,repo lib/inventory/index.js:530; audit:api-lib#14
ACT-marketing-track,api-action,/api/marketing action=track,api/marketing.js:59,Vercel Node serverless function,e-mail clients,see API-marketing,,,active,"microns-site (identical path and alias /api/track, both hosts www and apex)",microns-site,2,"type=open (1x1 pixel, no-store) | click (302) | unsubscribe (HTML); URLs baked into sent e-mails",H-14; H-24,repo api/marketing.js:59
ACT-marketing-webhook,api-action,/api/marketing action=webhook,api/marketing.js:61,Vercel Node serverless function,Resend webhook,see API-marketing,,,active,microns-ops; verify Resend's Svix signature over the raw body,microns-ops,2,Resend events delivered/bounced/complained/opened/clicked correlate by marketing_events.resend_email_id,H-15,repo api/marketing.js:61
ACT-marketing-google-auth,api-action,/api/marketing action=google-auth,api/marketing.js:63,Vercel Node serverless function,SenderAccountsManager popup,see API-marketing,,,active,microns-ops; GOOGLE_REDIRECT_URI set explicitly (VERCEL_URL does not exist on Cloudflare),microns-ops,2,steps authorize | callback | refresh (api/marketing.js:401-548); auth gap - see private note,H-6,repo api/marketing.js:63
ACT-marketing-apollo-enrich,api-action,/api/marketing action=apollo-enrich,api/marketing.js:65,Vercel Node serverless function,ApolloEnrichment.tsx,see API-marketing,,,active,microns-ops (I/O bound; Workflow only for large lists),microns-ops,2,1.5 s sleep per 3 companies; key from app_settings.apollo_api_key then APOLLO_API_KEY,,repo api/marketing.js:65
ACT-gsc-search-analytics,api-action,/api/gsc action=search-analytics,api/gsc.js:197,Vercel Node serverless function,HTTP from the SPA,see API-gsc,,,active,microns-ops,microns-ops,2,staff role required (admin-auth),H-20,repo api/gsc.js:197
ACT-gsc-inspect-url,api-action,/api/gsc action=inspect-url,api/gsc.js:199,Vercel Node serverless function,HTTP from the SPA,see API-gsc,,,active,microns-ops,microns-ops,2,staff role required (admin-auth),H-20,repo api/gsc.js:199
ACT-gsc-bulk-inspect,api-action,/api/gsc action=bulk-inspect,api/gsc.js:201,Vercel Node serverless function,HTTP from the SPA,see API-gsc,,,active,microns-ops; optional Workflow for long batches,microns-ops,2,up to 50 x 1 s inspections,H-20,repo api/gsc.js:201
ACT-gsc-submit-indexing,api-action,/api/gsc action=submit-indexing,api/gsc.js:203,Vercel Node serverless function,HTTP from the SPA,see API-gsc,,,active,microns-ops; optional Workflow for long batches,microns-ops,2,up to 200 sequential submissions,H-20,repo api/gsc.js:203
ACT-gsc-sitemaps,api-action,/api/gsc action=sitemaps,api/gsc.js:205,Vercel Node serverless function,HTTP from the SPA,see API-gsc,,,active,microns-ops,microns-ops,2,staff role required (admin-auth),H-20,repo api/gsc.js:205
ACT-gsc-monitored-urls,api-action,/api/gsc action=monitored-urls,api/gsc.js:207,Vercel Node serverless function,HTTP from the SPA,see API-gsc,,,active,microns-ops,microns-ops,2,staff role required (admin-auth),H-20,repo api/gsc.js:207
ACT-s3-presign-upload,api-action,/api/s3 action=presign-upload,api/s3.js:155,Vercel Node serverless function,HTTP from the SPA,see API-s3,,,active,microns-site: R2 PRIVATE_FILES for new objects (aws4fetch presign); legacy S3 keys served read-only,microns-site,2,"returns {uploadUrl,key,publicUrl}; auth gap - see private note",H-6; H-17,repo api/s3.js:155
ACT-s3-presign-download,api-action,/api/s3 action=presign-download,api/s3.js:169,Vercel Node serverless function,HTTP from the SPA,see API-s3,,,active,microns-site: R2 PRIVATE_FILES for new objects (aws4fetch presign); legacy S3 keys served read-only,microns-site,2,auth gap - see private note,H-6; H-17,repo api/s3.js:169
ACT-s3-delete,api-action,/api/s3 action=delete,api/s3.js:179,Vercel Node serverless function,HTTP from the SPA,see API-s3,,,active,microns-site: R2 PRIVATE_FILES for new objects (aws4fetch presign); legacy S3 keys served read-only,microns-site,2,auth gap - see private note,H-6; H-17,repo api/s3.js:179
ACT-s3-delete-folder,api-action,/api/s3 action=delete-folder,api/s3.js:188,Vercel Node serverless function,HTTP from the SPA,see API-s3,,,active,microns-site: R2 PRIVATE_FILES for new objects (aws4fetch presign); legacy S3 keys served read-only,microns-site,2,auth gap - see private note,H-6; H-17,repo api/s3.js:188
ACT-s3-list,api-action,/api/s3 action=list,api/s3.js:209,Vercel Node serverless function,HTTP from the SPA,see API-s3,,,active,microns-site: R2 PRIVATE_FILES for new objects (aws4fetch presign); legacy S3 keys served read-only,microns-site,2,auth gap - see private note,H-6; H-17,repo api/s3.js:209
ACT-sitemap-main-index,api-action,/api/sitemap action=main-index,api/sitemap.js:407,Vercel Node serverless function,crawlers via rewrites,see API-sitemap,,,active,microns-site sitemap route with Cache API (s-maxage 3600 honoured only via Cache API),microns-site,1,/sitemap.xml,H-12,repo api/sitemap.js:407
ACT-sitemap-complete,api-action,/api/sitemap action=complete,api/sitemap.js:234,Vercel Node serverless function,crawlers via rewrites,see API-sitemap,,,active,microns-site sitemap route with Cache API (s-maxage 3600 honoured only via Cache API),microns-site,1,/sitemap-complete.xml (no type param),H-12,repo api/sitemap.js:234
ACT-sitemap-index,api-action,/api/sitemap action=index,api/sitemap.js:408,Vercel Node serverless function,crawlers via rewrites,see API-sitemap,,,active,microns-site sitemap route with Cache API (s-maxage 3600 honoured only via Cache API),microns-site,1,/sitemap-index.xml (stale blob),H-12,repo api/sitemap.js:408
ACT-sitemap-lang,api-action,/api/sitemap action=lang,api/sitemap.js:409,Vercel Node serverless function,crawlers via rewrites,see API-sitemap,,,active,microns-site sitemap route with Cache API (s-maxage 3600 honoured only via Cache API),microns-site,1,/sitemap-{lang}.xml (stale blobs),H-12,repo api/sitemap.js:409
ACT-tenders-GET,api-action,/api/tenders action=GET,api/tenders.js:32,Vercel Node serverless function,HTTP from the SPA,see API-tenders,,,active,"microns-ops (list, ?id, ?stats_only, ?export=csv, ?connectors=true)",microns-ops,2,alias /api/connector-status = ?connectors=true,,repo api/tenders.js:32
ACT-tenders-PATCH,api-action,/api/tenders action=PATCH,api/tenders.js:122,Vercel Node serverless function,HTTP from the SPA,see API-tenders,,,active,microns-ops with a staff JWT gate,microns-ops,2,auth gap - see private note,H-6,repo api/tenders.js:122
ACT-funded-startups-GET,api-action,/api/funded-startups action=GET,api/funded-startups.js:36,Vercel Node serverless function,HTTP from the SPA,see API-funded-startups,,,active,"microns-ops (list, stats, feeds, export CSV, ?id)",microns-ops,2,,,repo api/funded-startups.js:36
ACT-funded-startups-POST-scan,api-action,/api/funded-startups action=POST-scan,api/funded-startups.js:45,Vercel Node serverless function,HTTP from the SPA,see API-funded-startups,,,active,"microns-ops: enqueue to the scrapes Queue, return 202 + run id; Cron Trigger optional",microns-ops,2,runs for minutes today; auth gap - see private note,H-6,repo api/funded-startups.js:45
ACT-funded-startups-PATCH,api-action,/api/funded-startups action=PATCH,api/funded-startups.js:46,Vercel Node serverless function,HTTP from the SPA,see API-funded-startups,,,active,microns-ops with a staff JWT gate,microns-ops,2,auth gap - see private note,H-6,repo api/funded-startups.js:46
EF-resend-email,edge-function,resend-email,live only (Supabase project cfjrtmtaitwzggzpkhxi),Supabase Edge Functions (Deno),unknown (no repo source),none in repo,unknown until live source is pulled (P0-5),"unknown (pull live source, P0-5)",live-only deployed-v13,Owner decision (PLAN.md Q6): no repo source or caller; likely an early transactional sender - delete after a log check,owner-decision,5,verify_jwt live true; supabase/config.toml not listed (default true); Oldest deployed function,H-26,live 2026-09-30 (list_edge_functions)
EF-send-confirmation-email,edge-function,send-confirmation-email,supabase/functions/send-confirmation-email/index.ts,Supabase Edge Functions (Deno),none found (dead),none,Resend,RESEND_API_KEY,deployed-v12,Delete (Phase 5): dead transactional sender superseded by /api/emails,delete,5,verify_jwt live false; supabase/config.toml false; auth gap - see private note,H-6; H-26,audit:edge-functions-cron#19; live 2026-09-30
EF-send-notification-email,edge-function,send-notification-email,supabase/functions/send-notification-email/index.ts,Supabase Edge Functions (Deno),none found (dead),none,Resend,RESEND_API_KEY,deployed-v12,Delete (Phase 5): dead transactional sender,delete,5,verify_jwt live false; supabase/config.toml false; auth gap - see private note,H-6; H-26,audit:edge-functions-cron#21; live 2026-09-30
EF-send-rfq-confirmation-email,edge-function,send-rfq-confirmation-email,supabase/functions/send-rfq-confirmation-email/index.ts,Supabase Edge Functions (Deno),none found (dead),none,Resend; embeds https://micronshub.eu/logo.png,RESEND_API_KEY,deployed-v15,Delete (Phase 5): dead transactional sender,delete,5,"verify_jwt live true; supabase/config.toml false; verify_jwt drift: repo config false, live true",H-26,audit:edge-functions-cron#22; live 2026-09-30
EF-send-internal-rfq-notification-email,edge-function,send-internal-rfq-notification-email,supabase/functions/send-internal-rfq-notification-email/index.ts,Supabase Edge Functions (Deno),none found (dead),none,Resend,RESEND_API_KEY,deployed-v15,Delete (Phase 5): dead transactional sender,delete,5,"verify_jwt live true; supabase/config.toml false; verify_jwt drift: repo config false, live true",H-26,audit:edge-functions-cron#20; live 2026-09-30
EF-test-email-function,edge-function,test-email-function,live only (Supabase project cfjrtmtaitwzggzpkhxi),Supabase Edge Functions (Deno),unknown (no repo source),none in repo,unknown until live source is pulled (P0-5),"unknown (pull live source, P0-5)",live-only deployed-v13,Delete (Phase 5): test function,delete,5,verify_jwt live true; supabase/config.toml not listed (default true),H-26,live 2026-09-30 (list_edge_functions)
EF-send-rfq-confirmation-email-v2,edge-function,send-rfq-confirmation-email-v2,live only (Supabase project cfjrtmtaitwzggzpkhxi),Supabase Edge Functions (Deno),unknown (no repo source),none in repo,unknown until live source is pulled (P0-5),"unknown (pull live source, P0-5)",live-only deployed-v12,"Delete (Phase 5, confirm PLAN.md Q6): variant of a dead transactional sender",delete,5,verify_jwt live true; supabase/config.toml not listed (default true),H-26,live 2026-09-30 (list_edge_functions)
EF-send-internal-rfq-notification-email-v2,edge-function,send-internal-rfq-notification-email-v2,live only (Supabase project cfjrtmtaitwzggzpkhxi),Supabase Edge Functions (Deno),unknown (no repo source),none in repo,unknown until live source is pulled (P0-5),"unknown (pull live source, P0-5)",live-only deployed-v12,"Delete (Phase 5, confirm PLAN.md Q6): variant of a dead transactional sender",delete,5,verify_jwt live true; supabase/config.toml not listed (default true),H-26,live 2026-09-30 (list_edge_functions)
EF-debug-test,edge-function,debug-test,live only (Supabase project cfjrtmtaitwzggzpkhxi),Supabase Edge Functions (Deno),unknown (no repo source),none in repo,unknown until live source is pulled (P0-5),"unknown (pull live source, P0-5)",live-only deployed-v12,Delete (Phase 5): test function,delete,5,"verify_jwt live true; supabase/config.toml false; verify_jwt drift: repo config false, live true; Listed in supabase/config.toml:20-21 with verify_jwt=false but deployed with true",H-26,live 2026-09-30 (list_edge_functions)
EF-send-rfq-confirmation-email-no-jwt,edge-function,send-rfq-confirmation-email-no-jwt,live only (Supabase project cfjrtmtaitwzggzpkhxi),Supabase Edge Functions (Deno),unknown (no repo source),none in repo,unknown until live source is pulled (P0-5),"unknown (pull live source, P0-5)",live-only deployed-v12,"Delete (Phase 5, confirm PLAN.md Q6): variant of a dead transactional sender",delete,5,"verify_jwt live true; supabase/config.toml false; verify_jwt drift: repo config false, live true; Listed in supabase/config.toml:14-15 with verify_jwt=false but deployed with true",H-26,live 2026-09-30 (list_edge_functions)
EF-send-internal-rfq-notification-email-no-jwt,edge-function,send-internal-rfq-notification-email-no-jwt,live only (Supabase project cfjrtmtaitwzggzpkhxi),Supabase Edge Functions (Deno),unknown (no repo source),none in repo,unknown until live source is pulled (P0-5),"unknown (pull live source, P0-5)",live-only deployed-v12,"Delete (Phase 5, confirm PLAN.md Q6): variant of a dead transactional sender",delete,5,"verify_jwt live true; supabase/config.toml false; verify_jwt drift: repo config false, live true; Listed in supabase/config.toml:17-18 with verify_jwt=false but deployed with true",H-26,live 2026-09-30 (list_edge_functions)
EF-simple-test,edge-function,simple-test,live only (Supabase project cfjrtmtaitwzggzpkhxi),Supabase Edge Functions (Deno),unknown (no repo source),none in repo,unknown until live source is pulled (P0-5),"unknown (pull live source, P0-5)",live-only deployed-v12,Delete (Phase 5): test function,delete,5,verify_jwt live true; supabase/config.toml not listed (default true),H-26,live 2026-09-30 (list_edge_functions)
EF-create-partner-auth-user,edge-function,create-partner-auth-user,supabase/functions/create-partner-auth-user/index.ts,Supabase Edge Functions (Deno),client fetch via relative /functions/v1/… (likely broken today),src/utils/partnerAuthUtils.ts:26,Supabase Auth admin API,SUPABASE_SERVICE_ROLE_KEY; SUPABASE_URL,deployed-v12,"Stays on Supabase (Auth admin API, user JWT); needs fixing (plan §6 answer 2)",supabase-stays,stays,verify_jwt live true; supabase/config.toml not listed (default true); Staff-role gate in code (index.ts:32-51); listUsers() fetches all users to find one e-mail,H-21; H-26,audit:edge-functions-cron#4; live 2026-09-30
EF-update-partner-password,edge-function,update-partner-password,supabase/functions/update-partner-password/index.ts,Supabase Edge Functions (Deno),client fetch via relative /functions/v1/… (likely broken today),src/utils/partnerAuthUtils.ts:59,Supabase Auth admin API,SUPABASE_SERVICE_ROLE_KEY; SUPABASE_URL,deployed-v12,Stays on Supabase (Auth admin API); needs fixing (plan §6 answer 2),supabase-stays,stays,verify_jwt live true; supabase/config.toml not listed (default true); Staff-role gate in code (index.ts:32-51),H-21; H-26,audit:edge-functions-cron#28; live 2026-09-30
EF-send-campaign,edge-function,send-campaign,supabase/functions/send-campaign/index.ts,Supabase Edge Functions (Deno),"supabase.functions.invoke from CampaignWizard.tsx:233, CampaignsTable.tsx:96",src/components/dashboard/marketing/CampaignWizard.tsx; CampaignsTable.tsx,gmail.googleapis.com send; oauth2.googleapis.com; Resend,GOOGLE_CLIENT_ID; GOOGLE_CLIENT_SECRET; RESEND_API_KEY; SUPABASE_SERVICE_ROLE_KEY; SUPABASE_URL; TRACKING_DOMAIN,deployed-v14,Port (Phase 5): microns-ops route enqueues to outbound-mail; per-recipient consumer with the SenderLimiter DO,microns-ops,5,"verify_jwt live true; supabase/config.toml not listed (default true); Unbounded sequential loop, no resume; Gmail API for google_workspace senders, Resend otherwise",H-14; H-26,audit:edge-functions-cron#18; live 2026-09-30
EF-resend-webhook,edge-function,resend-webhook,live only (Supabase project cfjrtmtaitwzggzpkhxi),Supabase Edge Functions (Deno),unknown (no repo source),none in repo,unknown until live source is pulled (P0-5),"unknown (pull live source, P0-5)",live-only deployed-v12,Owner decision (PLAN.md Q6): keep or delete; Resend events are handled by /api/marketing?action=webhook,owner-decision,5,"verify_jwt live true; supabase/config.toml not listed (default true); Deployed with verify_jwt=true, so Resend deliveries (no Supabase JWT) cannot succeed; treat as unused pending a log check",H-26,live 2026-09-30 (list_edge_functions)
EF-send-user-email,edge-function,send-user-email,supabase/functions/send-user-email/index.ts,Supabase Edge Functions (Deno),supabase.functions.invoke from EmailInbox.tsx:225,src/pages/dashboard/EmailInbox.tsx,Resend,RESEND_API_KEY; SUPABASE_SERVICE_ROLE_KEY; SUPABASE_URL,deployed-v12,Stays on Supabase (user JWT context),supabase-stays,stays,verify_jwt live true; supabase/config.toml not listed (default true); Writes user_emails (folder sent),H-26,audit:edge-functions-cron#23; live 2026-09-30
EF-generate-daily-article,edge-function,generate-daily-article,supabase/functions/generate-daily-article/index.ts,Supabase Edge Functions (Deno),process-article-queue worker; AutoBlogDashboard.tsx:241,process-article-queue; src/pages/dashboard/AutoBlogDashboard.tsx,api.anthropic.com/v1/messages (repo model claude-sonnet-4-20250514),ANTHROPIC_API_KEY; SITE_URL; SUPABASE_SERVICE_ROLE_KEY; SUPABASE_URL,deployed-v36,Port (Phase 5): content-daily Workflow generate step through AI Gateway microns (Anthropic),microns-ops,5,"verify_jwt live false; supabase/config.toml false; Single Claude call, 140 s timeout, silo rotation by day of year (repo; live v36 unverified); auth gap - see private note",H-26,audit:edge-functions-cron#8; live 2026-09-30
EF-translate-article,edge-function,translate-article,supabase/functions/translate-article/index.ts,Supabase Edge Functions (Deno),"auto-translate-articles; BlogEditor.tsx:247,340; BlogList.tsx:229",auto-translate-articles; src/pages/dashboard/BlogEditor.tsx; src/pages/dashboard/BlogList.tsx,generativelanguage.googleapis.com (repo model IDs retired); www.bing.com/indexnow,GEMINI_API_KEY; INDEXNOW_KEY; SITE_URL; SUPABASE_SERVICE_ROLE_KEY; SUPABASE_URL,deployed-v81,Port (Phase 5): translations Queue consumer through AI Gateway route translate; IndexNow as a Workflow step,microns-ops,5,verify_jwt live true; supabase/config.toml not listed (default true); Live v81 differs from repo (VERSION '2026-04-16-no-429-wait' in repo); keyLocation https://www.micronshub.eu/indexnow_key.txt,H-19; H-26; H-14,audit:edge-functions-cron#27; live 2026-09-30
EF-generate-sitemap,edge-function,generate-sitemap,supabase/functions/generate-sitemap/index.ts,Supabase Edge Functions (Deno),auto-update-sitemap; BlogList.tsx:278; SettingsPage.tsx:153,auto-update-sitemap; src/pages/dashboard/BlogList.tsx; src/pages/dashboard/SettingsPage.tsx,Supabase Storage bucket sitemaps,SITE_URL; SUPABASE_SERVICE_ROLE_KEY; SUPABASE_URL,deployed-v19,"Port (Phase 5): sitemap Workflow writing sitemaps/… to R2 microns-private, served by microns-site at the identical URLs",microns-ops,5,"verify_jwt live false; supabase/config.toml not listed (default true); verify_jwt drift: repo config not listed (default true), live false; Writes only sitemap-complete.xml and upserts gsc_monitored_urls; regression guard throws on content_pages drift",H-12; H-26,audit:edge-functions-cron#10; live 2026-09-30
EF-auto-translate-articles,edge-function,auto-translate-articles,supabase/functions/auto-translate-articles/index.ts,Supabase Edge Functions (Deno),pg_cron jobid 22 (0 8 * * *),pg_cron,"internal: translate-article, fix-article-links {fix_all:true} (index.ts:294-302)",SUPABASE_SERVICE_ROLE_KEY; SUPABASE_URL,deployed-v17,"Port (Phase 5): content-daily Workflow fan-out step, one message per language on the translations Queue",microns-ops,5,"verify_jwt live false; supabase/config.toml not listed (default true); verify_jwt drift: repo config not listed (default true), live false; 13 target languages; 140 s budget and next-day resume in repo source (live v17 unverified); 7 languages 19 days behind (live 2026-09-30)",H-19; H-26,audit:edge-functions-cron#1; live 2026-09-30
EF-auto-update-sitemap,edge-function,auto-update-sitemap,supabase/functions/auto-update-sitemap/index.ts,Supabase Edge Functions (Deno),pg_cron jobid 19 (0 9 * * *),pg_cron,internal GET generate-sitemap?type=complete,SUPABASE_SERVICE_ROLE_KEY; SUPABASE_URL,deployed-v11,Port (Phase 5): final step of the content-daily Workflow (sitemap Workflow),microns-ops,5,"verify_jwt live false; supabase/config.toml not listed (default true); verify_jwt drift: repo config not listed (default true), live false; Thin wrapper; called with the pg_net default 5 s timeout, so the outcome is unobserved",H-12; H-29; H-26,audit:edge-functions-cron#2; live 2026-09-30
EF-process-article-queue,edge-function,process-article-queue,supabase/functions/process-article-queue/index.ts,Supabase Edge Functions (Deno),"pg_cron jobid 15 (*/5, 300000 ms)",pg_cron,internal POST generate-daily-article,SUPABASE_SERVICE_ROLE_KEY; SUPABASE_URL,deployed-v10,Port (Phase 5): absorbed by the content-daily Workflow (07:00 Cron Trigger),microns-ops,5,"verify_jwt live false; supabase/config.toml not listed (default true); verify_jwt drift: repo config not listed (default true), live false; One job per tick, retry up to 3 (RPCs get_next_queue_job / mark_queue_job_*)",H-26,audit:edge-functions-cron#14; live 2026-09-30
EF-fix-article-links,edge-function,fix-article-links,supabase/functions/fix-article-links/index.ts,Supabase Edge Functions (Deno),"pg_cron jobid 21 (30 8 * * *, body {""fix_all"": true}); auto-translate-articles; BlogEditor.tsx:516",pg_cron; auto-translate-articles; src/pages/dashboard/BlogEditor.tsx,none,SUPABASE_SERVICE_ROLE_KEY; SUPABASE_URL,deployed-v15,Port (Phase 5): content-daily Workflow step after the translation fan-out,microns-ops,5,"verify_jwt live true; supabase/config.toml not listed (default true); Live cron body {""fix_all"": true}; the repo migration's {} is stale; O(all translated articles) per run; pg_net default 5 s timeout",H-26; H-29,audit:edge-functions-cron#6; live 2026-09-30
EF-post-to-social-media,edge-function,post-to-social-media,supabase/functions/post-to-social-media/index.ts,Supabase Edge Functions (Deno),client fetch with user JWT,src/components/dashboard/SocialPostDialog.tsx:164,generativelanguage.googleapis.com; graph.facebook.com/v21.0; api.linkedin.com/rest/posts,FACEBOOK_ACCESS_TOKEN; FACEBOOK_PAGE_ID; GEMINI_API_KEY; LINKEDIN_ACCESS_TOKEN; LINKEDIN_ORG_ID; SITE_URL; SUPABASE_SERVICE_ROLE_KEY; SUPABASE_URL,deployed-v14,Stays on Supabase (user-initiated); Gemini call may route through AI Gateway later,supabase-stays,stays,verify_jwt live true; supabase/config.toml not listed (default true); Social tokens expire about every 60 days,H-26,audit:edge-functions-cron#13; live 2026-09-30
EF-reddit-collector,edge-function,reddit-collector,supabase/functions/reddit-collector/index.ts,Supabase Edge Functions (Deno),"pg_cron jobids 23/24/29 (tier 1 */15, tier 2 */30, tier 3 hourly); leads-api; LeadMonitorPage.tsx:240",pg_cron; leads-api; LeadMonitorPage,api.pullpush.io; api.telegram.org,SUPABASE_SERVICE_ROLE_KEY; SUPABASE_URL; TELEGRAM_BOT_TOKEN; TELEGRAM_CHAT_ID,deployed-v15,"Port (Phase 5): Cron Triggers */15, */30, hourly + scrapes Queue fan-out per subreddit",microns-ops,5,verify_jwt live false; supabase/config.toml false; Max 40 subreddits per run; pg_net default 5 s timeout,H-29; H-26,audit:edge-functions-cron#17; live 2026-09-30
EF-hn-collector,edge-function,hn-collector,supabase/functions/hn-collector/index.ts,Supabase Edge Functions (Deno),pg_cron jobid 25 (*/30); leads-api /collect,pg_cron; leads-api,hn.algolia.com; api.telegram.org,SUPABASE_SERVICE_ROLE_KEY; SUPABASE_URL; TELEGRAM_BOT_TOKEN; TELEGRAM_CHAT_ID,deployed-v7,Port (Phase 5): Cron Trigger */30 + scrapes Queue,microns-ops,5,verify_jwt live false; supabase/config.toml false; Upserts leads on source_url; pg_net default 5 s timeout,H-29; H-26,audit:edge-functions-cron#11; live 2026-09-30
EF-tender-collector,edge-function,tender-collector,supabase/functions/tender-collector/index.ts,Supabase Edge Functions (Deno),pg_cron jobid 28 (0 6 * * *),pg_cron,POST ${SITE_URL}/api/tender-scan (Vercel today),SITE_URL; SUPABASE_SERVICE_ROLE_KEY; SUPABASE_URL,deployed-v11,Port (Phase 5): Cron Trigger 06:00 + scrapes Queue in microns-ops,microns-ops,5,"verify_jwt live false; supabase/config.toml not listed (default true); verify_jwt drift: repo config not listed (default true), live false; Hidden coupling to the Vercel host: /api/tender-scan must exist at the identical path before DNS moves; pg_net default 5 s timeout",H-14; H-29; H-26,audit:edge-functions-cron#26; live 2026-09-30
EF-leads-api,edge-function,leads-api,supabase/functions/leads-api/index.ts,Supabase Edge Functions (Deno),client fetch with the anon key from LeadMonitorPage.tsx:115-241,src/pages/dashboard/LeadMonitorPage.tsx,"internal: reddit-collector, hn-collector",SUPABASE_SERVICE_ROLE_KEY; SUPABASE_URL,deployed-v7,Stays on Supabase; needs an auth gate (plan §6 answer 2),supabase-stays,stays,"verify_jwt live false; supabase/config.toml false; Dashboard CRUD on leads, keywords, subreddits and collector trigger; auth gap - see private note",H-6; H-26,audit:edge-functions-cron#12; live 2026-09-30
EF-telegram-leads-bot,edge-function,telegram-leads-bot,supabase/functions/telegram-leads-bot/index.ts,Supabase Edge Functions (Deno),Telegram webhook (setWebhook configured outside the repo); GET ?action=digest (no scheduler),Telegram,api.telegram.org,SUPABASE_SERVICE_ROLE_KEY; SUPABASE_URL; TELEGRAM_BOT_TOKEN; TELEGRAM_CHAT_ID,deployed-v6,Stays on Supabase (webhook URL unchanged); Phase 4 adds approval callbacks,supabase-stays,stays,verify_jwt live false; supabase/config.toml false; auth gap - see private note,H-26,audit:edge-functions-cron#24; live 2026-09-30
EF-telegram-tenders-bot,edge-function,telegram-tenders-bot,supabase/functions/telegram-tenders-bot/index.ts,Supabase Edge Functions (Deno),Telegram webhook; GET ?action=digest (no scheduler),Telegram,api.telegram.org; links https://micronshub.eu/dashboard/tenders,SUPABASE_SERVICE_ROLE_KEY; SUPABASE_URL; TELEGRAM_BOT_TOKEN; TELEGRAM_CHAT_ID,deployed-v6,Stays on Supabase (webhook URL unchanged),supabase-stays,stays,"verify_jwt live false; supabase/config.toml not listed (default true); verify_jwt drift: repo config not listed (default true), live false; auth gap - see private note; links use the apex host",H-24; H-26,audit:edge-functions-cron#25; live 2026-09-30
EF-extract-flat-pattern,edge-function,extract-flat-pattern,supabase/functions/extract-flat-pattern/index.ts,Supabase Edge Functions (Deno),supabase.functions.invoke from the SPA,src/utils/serverManufacturingPdf.ts:205,POST ${UNFOLD_SERVICE_URL}/flat-pattern; fetch(file_url),UNFOLD_SERVICE_URL,deployed-v10,Stays on Supabase; Phase 5 repoints UNFOLD_SERVICE_URL to the microns-cad route (secret change + redeploy),supabase-stays,stays,"verify_jwt live true; supabase/config.toml false; verify_jwt drift: repo config false, live true; Returns 422 'unavailable' when the CAD service is unreachable; 25 MB cap",H-26,audit:edge-functions-cron#5; audit:python-bots-mcp-ci#3; live 2026-09-30
EF-generate-manufacturing-pdf,edge-function,generate-manufacturing-pdf,supabase/functions/generate-manufacturing-pdf/index.ts,Supabase Edge Functions (Deno),supabase.functions.invoke from the SPA,src/utils/serverManufacturingPdf.ts:113,POST ${UNFOLD_SERVICE_URL}/flat-pattern; esm.sh pdf-lib,UNFOLD_SERVICE_URL,deployed-v28,Stays on Supabase until the CAD service moves; Phase 5 repoints UNFOLD_SERVICE_URL,supabase-stays,stays,"verify_jwt live true; supabase/config.toml false; verify_jwt drift: repo config false, live true; Falls back to text STEP parsing when the CAD service is down; returns base64 PDF",H-26,audit:edge-functions-cron#9; audit:python-bots-mcp-ci#4; live 2026-09-30
EF-gsc-sitemap-sync,edge-function,gsc-sitemap-sync,live only (Supabase project cfjrtmtaitwzggzpkhxi),Supabase Edge Functions (Deno),unknown (no repo source),none in repo,unknown until live source is pulled (P0-5),"unknown (pull live source, P0-5)",live-only deployed-v2,Owner decision (PLAN.md Q6): keep or delete; overlaps /api/gsc,owner-decision,5,verify_jwt live true; supabase/config.toml not listed (default true); No repo source or caller; the dashboard uses /api/gsc,H-26,live 2026-09-30 (list_edge_functions)
EF-gsc-performance,edge-function,gsc-performance,live only (Supabase project cfjrtmtaitwzggzpkhxi),Supabase Edge Functions (Deno),unknown (no repo source),none in repo,unknown until live source is pulled (P0-5),"unknown (pull live source, P0-5)",live-only deployed-v2,Owner decision (PLAN.md Q6): keep or delete; overlaps /api/gsc,owner-decision,5,verify_jwt live true; supabase/config.toml not listed (default true); No repo source or caller,H-26,live 2026-09-30 (list_edge_functions)
EF-gsc-index-url,edge-function,gsc-index-url,live only (Supabase project cfjrtmtaitwzggzpkhxi),Supabase Edge Functions (Deno),unknown (no repo source),none in repo,unknown until live source is pulled (P0-5),"unknown (pull live source, P0-5)",live-only deployed-v2,Owner decision (PLAN.md Q6): keep or delete; overlaps /api/gsc,owner-decision,5,verify_jwt live true; supabase/config.toml not listed (default true); No repo source or caller,H-26,live 2026-09-30 (list_edge_functions)
EF-gsc-inspect-url,edge-function,gsc-inspect-url,live only (Supabase project cfjrtmtaitwzggzpkhxi),Supabase Edge Functions (Deno),unknown (no repo source),none in repo,unknown until live source is pulled (P0-5),"unknown (pull live source, P0-5)",live-only deployed-v2,Owner decision (PLAN.md Q6): keep or delete; overlaps /api/gsc,owner-decision,5,verify_jwt live true; supabase/config.toml not listed (default true); No repo source or caller,H-26,live 2026-09-30 (list_edge_functions)
EF-enqueue-translations,edge-function,enqueue-translations,live only (Supabase project cfjrtmtaitwzggzpkhxi),Supabase Edge Functions (Deno),unknown (no repo source),none in repo,unknown until live source is pulled (P0-5),"unknown (pull live source, P0-5)",live-only deployed-v3,Delete (Phase 5): dead; the translation queue was created and dropped on 2026-04-15,delete,5,verify_jwt live true; supabase/config.toml not listed (default true),H-26,live 2026-09-30 (list_edge_functions)
EF-process-translation-queue,edge-function,process-translation-queue,live only (Supabase project cfjrtmtaitwzggzpkhxi),Supabase Edge Functions (Deno),unknown (no repo source),none in repo,unknown until live source is pulled (P0-5),"unknown (pull live source, P0-5)",live-only deployed-v3,Delete (Phase 5): unscheduled since supabase/migrations/20260415_drop_translation_queue.sql:23; replaced by the translations Queue,delete,5,verify_jwt live true; supabase/config.toml not listed (default true); Deployed but no cron job,H-26,live 2026-09-30 (list_edge_functions)
EF-diag-gemini-models,edge-function,diag-gemini-models,live only (Supabase project cfjrtmtaitwzggzpkhxi),Supabase Edge Functions (Deno),unknown (no repo source),none in repo,unknown until live source is pulled (P0-5),"unknown (pull live source, P0-5)",live-only deployed-v2,Delete (Phase 5): diagnostic function,delete,5,verify_jwt live false; supabase/config.toml not listed (default true),H-26,live 2026-09-30 (list_edge_functions)
EF-xometry-review,edge-function,xometry-review,supabase/functions/xometry-review/index.ts,Supabase Edge Functions (Deno),supabase.functions.invoke from XometryQueuePage.tsx:16,src/pages/dashboard/XometryQueuePage.tsx,api.xometry.eu/partners/graphql; optional review box ${XOMETRY_REVIEW_API_URL},SUPABASE_ANON_KEY; SUPABASE_SERVICE_ROLE_KEY; SUPABASE_URL; XOMETRY_COUNTEROFFER_MUTATION; XOMETRY_COUNTEROFFER_OPERATION_NAME; XOMETRY_PARTNER_AUTH_TOKEN; XOMETRY_PARTNER_COOKIE; XOMETRY_REVIEW_API_TOKEN; XOMETRY_REVIEW_API_URL,deployed-v3,"Stays on Supabase unchanged (admin gate, atomic claim)",supabase-stays,stays,verify_jwt live true; supabase/config.toml not listed (default true); Atomic ready -> submitting -> submitted claim; failures park the row in 'error',H-26,audit:edge-functions-cron#29; audit:python-bots-mcp-ci#7; live 2026-09-30
EF-admin-update-partner-password,edge-function,admin-update-partner-password,supabase/functions/admin-update-partner-password/index.ts,repo only (not deployed),"client fetch via relative /functions/v1/… (no rewrite exists, so the call cannot reach Supabase)",src/pages/PartnerManagement.tsx:61-62,Supabase Auth admin API,ADMIN_PASSWORD_UPDATE_SECRET; SUPABASE_SERVICE_ROLE_KEY; SUPABASE_URL,not-deployed,Stays on Supabase (Auth admin API); needs fixing: replace the shared-secret design with a JWT + staff-role gate before deployment,supabase-stays,stays,verify_jwt live n/a; supabase/config.toml not listed (default true); Not deployed; its VITE_ mirror is denylisted from the bundle (vite.config.ts:72); auth gap - see private note,H-21,audit:edge-functions-cron#0
EF-check-replies,edge-function,check-replies,supabase/functions/check-replies/index.ts,repo only (not deployed),"none (no scheduler, no caller)",none in repo,oauth2.googleapis.com/token; gmail.googleapis.com messages list/get,GOOGLE_CLIENT_ID; GOOGLE_CLIENT_SECRET; SUPABASE_SERVICE_ROLE_KEY; SUPABASE_URL,not-deployed,Port (Phase 4): Cron Trigger Gmail reply poller */10 for the 2 Workspace sender accounts; replies to Resend mail arrive via microns-mail,microns-ops,4,verify_jwt live n/a; supabase/config.toml not listed (default true); Not deployed: nothing polls Gmail in production (C5); does not persist refreshed tokens,,audit:edge-functions-cron#3
EF-fix-broken-tables,edge-function,fix-broken-tables,supabase/functions/fix-broken-tables/index.ts,repo only (not deployed),manual one-off,none,none,SUPABASE_SERVICE_ROLE_KEY; SUPABASE_URL,not-deployed,"Delete from the repo in Phase 6 (one-off content repair, never deployed); confirm with the owner",delete,6,verify_jwt live n/a; supabase/config.toml not listed (default true); Rewrites articles.content for hard-coded table patterns,,audit:edge-functions-cron#7
EF-process-followups,edge-function,process-followups,supabase/functions/process-followups/index.ts,repo only (not deployed),"none (no scheduler, no caller)",none in repo,Resend; tracking URLs ${TRACKING_DOMAIN}/api/marketing?action=track,RESEND_API_KEY; SUPABASE_SERVICE_ROLE_KEY; SUPABASE_URL; TRACKING_DOMAIN,not-deployed,Port (Phase 5): Cron Trigger + outbound-mail Queue; follow-ups gain In-Reply-To/References headers,microns-ops,5,verify_jwt live n/a; supabase/config.toml not listed (default true); Not deployed; always sends through Resend,H-14,audit:edge-functions-cron#15
EF-process-warmup,edge-function,process-warmup,supabase/functions/process-warmup/index.ts,repo only (not deployed),"none (no scheduler, no caller)",none in repo,none,SUPABASE_SERVICE_ROLE_KEY; SUPABASE_URL,not-deployed,Port (Phase 5): daily Cron Trigger,microns-ops,5,verify_jwt live n/a; supabase/config.toml not listed (default true); Not deployed; without it the per-sender daily counters never reset,,audit:edge-functions-cron#16
CRON-15,cron,process-article-queue,cron.job jobid 15 (Supabase project cfjrtmtaitwzggzpkhxi); repo: supabase/migrations/20250103_update_cron_jobs_for_queue.sql:21-36,Supabase pg_cron + pg_net http_post,*/5 * * * * (UTC),pg_cron,Supabase Edge Functions,service credential embedded in cron.job.command,active; runs 7d 2016; non-success 7d 0; last 2026-09-30 14:15,"content-daily Workflow (07:00 Cron Trigger) generate step; unschedule in Phase 5 (disable, keep for rollback)",microns-ops,5,target fn process-article-queue; body {}; pg_net timeout 300000 ms; Authorization header holds a service credential (value not recorded here),H-7; H-26,"live 2026-09-30 (cron.job, cron.job_run_details, net._http_response); audit:edge-functions-cron#31; audit:data-layer#16; audit:docs-secrets-services#77"
CRON-17,cron,enqueue-daily-article,cron.job jobid 17 (Supabase project cfjrtmtaitwzggzpkhxi); repo: supabase/migrations/20250103_update_cron_jobs_for_queue.sql:9-15,Supabase pg_cron,0 7 * * * (UTC),pg_cron,none,none,active; runs 7d 7; non-success 7d 0; last 2026-09-30 07:00,content-daily Workflow started by a 07:00 UTC Cron Trigger in microns-ops,microns-ops,5,target SQL SELECT enqueue_next_article(); body -; pg_net timeout -; pure SQL; no HTTP call and no credential,H-26,"live 2026-09-30 (cron.job, cron.job_run_details, net._http_response); audit:edge-functions-cron#30; audit:data-layer#16"
CRON-19,cron,auto-update-sitemap,"cron.job jobid 19 (Supabase project cfjrtmtaitwzggzpkhxi); repo: supabase/migrations/20250130_auto_translate_and_sitemap_cron.sql:40-54 (commented out, 0 12 * * *; live job created in the dashboard)",Supabase pg_cron + pg_net http_post,0 9 * * * (UTC),pg_cron,Supabase Edge Functions,service credential embedded in cron.job.command,active; runs 7d 7; non-success 7d 0; last 2026-09-30 09:00,"content-daily Workflow final step (sitemap); outputs compared, not cron status",microns-ops,5,target fn auto-update-sitemap; body {}; pg_net timeout default (5000 ms); Authorization header holds a service credential (value not recorded here); cron status 'succeeded' only means the request was queued; outcome unobserved (H-29),H-7; H-29; H-26,"live 2026-09-30 (cron.job, cron.job_run_details, net._http_response); audit:edge-functions-cron#34; audit:data-layer#16"
CRON-21,cron,auto-fix-article-links,cron.job jobid 21 (Supabase project cfjrtmtaitwzggzpkhxi); repo: supabase/migrations/20260107_update_fix_links_schedule.sql:9-26 (repo body {} is stale),Supabase pg_cron + pg_net http_post,30 8 * * * (UTC),pg_cron,Supabase Edge Functions,service credential embedded in cron.job.command,active; runs 7d 7; non-success 7d 0; last 2026-09-30 08:30,content-daily Workflow step (fix links) after the translation fan-out,microns-ops,5,"target fn fix-article-links; body {""fix_all"": true}; pg_net timeout default (5000 ms); Authorization header holds a service credential (value not recorded here); cron status 'succeeded' only means the request was queued; outcome unobserved (H-29)",H-7; H-29; H-26,"live 2026-09-30 (cron.job, cron.job_run_details, net._http_response); audit:edge-functions-cron#33; audit:data-layer#16"
CRON-22,cron,auto-translate-daily-articles,cron.job jobid 22 (Supabase project cfjrtmtaitwzggzpkhxi); repo: supabase/migrations/20250107_add_timeout_to_auto_translate_cron.sql:9-28,Supabase pg_cron + pg_net http_post,0 8 * * * (UTC),pg_cron,Supabase Edge Functions,service credential embedded in cron.job.command,active; runs 7d 7; non-success 7d 0; last 2026-09-30 08:00,"content-daily Workflow translation fan-out (translations Queue, one message per language)",microns-ops,5,target fn auto-translate-articles; body {}; pg_net timeout 600000 ms; Authorization header holds a service credential (value not recorded here),H-7; H-26,"live 2026-09-30 (cron.job, cron.job_run_details, net._http_response); audit:edge-functions-cron#32; audit:data-layer#16"
CRON-23,cron,reddit-tier1,cron.job jobid 23 (Supabase project cfjrtmtaitwzggzpkhxi); repo: not in repo (dashboard-created; hint at src/pages/dashboard/LeadMonitorPage.tsx:732),Supabase pg_cron + pg_net http_post,*/15 * * * * (UTC),pg_cron,Supabase Edge Functions,service credential embedded in cron.job.command,active; runs 7d 672; non-success 7d 0; last 2026-09-30 14:15,Cron Trigger */15 in microns-ops + scrapes Queue,microns-ops,5,target fn reddit-collector?tier=1; body {}; pg_net timeout default (5000 ms); Authorization header holds a service credential (value not recorded here); cron status 'succeeded' only means the request was queued; outcome unobserved (H-29),H-7; H-29; H-26,"live 2026-09-30 (cron.job, cron.job_run_details, net._http_response); audit:edge-functions-cron#36; audit:docs-secrets-services#77"
CRON-24,cron,reddit-tier2,cron.job jobid 24 (Supabase project cfjrtmtaitwzggzpkhxi); repo: not in repo (dashboard-created),Supabase pg_cron + pg_net http_post,*/30 * * * * (UTC),pg_cron,Supabase Edge Functions,service credential embedded in cron.job.command,active; runs 7d 336; non-success 7d 0; last 2026-09-30 14:00,Cron Trigger */30 in microns-ops + scrapes Queue,microns-ops,5,target fn reddit-collector?tier=2; body {}; pg_net timeout default (5000 ms); Authorization header holds a service credential (value not recorded here); cron status 'succeeded' only means the request was queued; outcome unobserved (H-29),H-7; H-29; H-26,"live 2026-09-30 (cron.job, cron.job_run_details, net._http_response); audit:edge-functions-cron#36"
CRON-25,cron,hn-collector,cron.job jobid 25 (Supabase project cfjrtmtaitwzggzpkhxi); repo: not in repo (dashboard-created),Supabase pg_cron + pg_net http_post,*/30 * * * * (UTC),pg_cron,Supabase Edge Functions,service credential embedded in cron.job.command,active; runs 7d 336; non-success 7d 0; last 2026-09-30 14:00,Cron Trigger */30 in microns-ops + scrapes Queue,microns-ops,5,target fn hn-collector; body {}; pg_net timeout default (5000 ms); Authorization header holds a service credential (value not recorded here); cron status 'succeeded' only means the request was queued; outcome unobserved (H-29),H-7; H-29; H-26,"live 2026-09-30 (cron.job, cron.job_run_details, net._http_response); audit:edge-functions-cron#36"
CRON-28,cron,tender-scan-daily,cron.job jobid 28 (Supabase project cfjrtmtaitwzggzpkhxi); repo: not in repo (dashboard-created),Supabase pg_cron + pg_net http_post,0 6 * * * (UTC),pg_cron,Supabase Edge Functions,service credential embedded in cron.job.command,active; runs 7d 7; non-success 7d 0; last 2026-09-30 06:00,Cron Trigger 06:00 in microns-ops + scrapes Queue,microns-ops,5,target fn tender-collector; body {}; pg_net timeout default (5000 ms); Authorization header holds a service credential (value not recorded here); cron status 'succeeded' only means the request was queued; outcome unobserved (H-29),H-7; H-29; H-26,"live 2026-09-30 (cron.job, cron.job_run_details, net._http_response); audit:edge-functions-cron#36"
CRON-29,cron,reddit-tier3,cron.job jobid 29 (Supabase project cfjrtmtaitwzggzpkhxi); repo: not in repo (dashboard-created),Supabase pg_cron + pg_net http_post,0 * * * * (UTC),pg_cron,Supabase Edge Functions,service credential embedded in cron.job.command,active; runs 7d 168; non-success 7d 0; last 2026-09-30 14:00,Cron Trigger hourly in microns-ops + scrapes Queue,microns-ops,5,target fn reddit-collector?tier=3; body {}; pg_net timeout default (5000 ms); Authorization header holds a service credential (value not recorded here); cron status 'succeeded' only means the request was queued; outcome unobserved (H-29),H-7; H-29; H-26,"live 2026-09-30 (cron.job, cron.job_run_details, net._http_response); audit:edge-functions-cron#36"
CRON-H1,cron,"generate-daily-article (direct HTTP job, historical)",supabase/migrations/20250121_create_daily_article_cron_job.sql:18; unscheduled at supabase/migrations/20250103_update_cron_jobs_for_queue.sql:5,"none (unscheduled, replaced by the queue: CRON-17 + CRON-15)",historical daily schedule,n/a,,,dropped (not in live cron.job),Nothing to migrate; superseded by the content-daily Workflow,delete,delete,Listed so repo migrations are not mistaken for live jobs,H-26,audit:edge-functions-cron#30; live 2026-09-30
CRON-H2,cron,"process-translation-queue (*/1, historical)",supabase/migrations/20260415_schedule_translation_queue.sql:25; dropped at supabase/migrations/20260415_drop_translation_queue.sql:23,none (created and dropped on 2026-04-15),* * * * * (was),n/a,,,dropped (not in live cron.job); target function still deployed (EF-process-translation-queue),Nothing to migrate; per-language fan-out becomes the translations Queue,delete,delete,translation_queue table and helper functions were dropped too,H-19; H-26,audit:edge-functions-cron#35; live 2026-09-30
ENV-SUPABASE_URL,secret-env,SUPABASE_URL,middleware.ts:43; src/integrations/supabase/client.ts:5; src/pages/dashboard/LeadMonitorPage.tsx:732; mcp-server/src/index.ts:27; mcp-server/src/gsc-client.ts:13; supabase/functions/admin-update-partner-password/index.ts:6; (+39 more files); VITE_SUPABASE_URL: src/components/dashboard/SocialPostDialog.tsx:164; src/integrations/supabase/client.ts:5; (+20 more files); NEXT_PUBLIC_SUPABASE_URL: xometry-bot/dashboard/app/xometry/page.tsx:10; DATABASE_URL: mcp-server/src/index.ts:27; mcp-server/src/gsc-client.ts:13,"Vercel env; Supabase (auto-injected); VPS .env (sheet-metal-service); local (mcp-server); hard-coded in middleware.ts:43, api/sitemap.js:24, index.html:45",read at runtime or build time,api/*; lib/inventory/*; 24 edge functions; sheet-metal-service; mcp-server; SPA build,,SUPABASE_URL; aliases: VITE_SUPABASE_URL (client build + fallback); NEXT_PUBLIC_SUPABASE_URL (xometry-bot/dashboard reference); DATABASE_URL (mcp-server alias),in use,"var SUPABASE_URL on microns-site, microns-ops and microns-mail; VITE_SUPABASE_URL stays a build variable for the SPA; auto in Supabase",microns-site,1,Read at module scope in most api files (use per-request env or populated process.env),H-20,repo grep (process.env / Deno.env.get / import.meta.env / os.getenv); audit:api-lib#18; audit:edge-functions-cron#37; audit:docs-secrets-services#0; audit:docs-secrets-services#2; audit:docs-secrets-services#33
ENV-SUPABASE_ANON_KEY,secret-env,SUPABASE_ANON_KEY,middleware.ts:105; mcp-server/src/index.ts:28; supabase/functions/xometry-review/index.ts:30; api/_lib/admin-auth.js:12; api/tender-scan.js:34; api/sitemap.js:179; (+2 more files); VITE_SUPABASE_ANON_KEY: middleware.ts:105; src/integrations/supabase/client.ts:6; (+5 more files),Vercel env (build + runtime); Supabase (auto-injected); local (mcp-server fallback),read at runtime or build time,"middleware.ts:105 (fallback); api/sitemap.js:179,199 (no VITE_ fallback); api/_lib/admin-auth.js; xometry-review; SPA build",,SUPABASE_ANON_KEY; aliases: VITE_SUPABASE_ANON_KEY,in use,wrangler secret SUPABASE_ANON_KEY on microns-site and microns-ops; VITE_SUPABASE_ANON_KEY stays a build variable,microns-site,1,"Public by design; a missing key silently degrades X-Seo-Source to i18n/none, so the Worker must fail loudly",H-4,repo grep (process.env / Deno.env.get / import.meta.env / os.getenv); audit:api-lib#20; audit:edge-functions-cron#39; audit:docs-secrets-services#1; audit:docs-secrets-services#3
ENV-SUPABASE_SERVICE_ROLE_KEY,secret-env,SUPABASE_SERVICE_ROLE_KEY,mcp-server/src/gsc-client.ts:15; supabase/functions/admin-update-partner-password/index.ts:8; supabase/functions/generate-sitemap/index.ts:24; supabase/functions/auto-update-sitemap/index.ts:5; supabase/functions/auto-translate-articles/index.ts:5; supabase/functions/check-replies/index.ts:9; (+37 more files); SUPABASE_SERVICE_KEY: mcp-server/src/index.ts:28; mcp-server/src/gsc-client.ts:15; (+4 more files),"Vercel env; Supabase (auto-injected); VPS .env (sheet-metal-service); local (mcp-server, scripts); pg_cron literal in 9 cron.job commands",read at runtime or build time,api/* (8 files); lib/inventory/*; 24 edge functions; sheet-metal-service; mcp-server; scripts/seed-gsc-monitored-urls.ts,,"SUPABASE_SERVICE_ROLE_KEY; aliases: SUPABASE_SERVICE_KEY (api/_lib, mcp-server, scripts)",in use,"Rotate in pre-flight P0-2 and re-issue to every consumer; wrangler secret on microns-site, microns-ops, microns-mail; auto in Supabase; removed from cron.job when jobs move (Phase 5)",microns-ops,0,Credentials will be re-issued before any new consumer is created; details private. Retire the SUPABASE_SERVICE_KEY alias,H-7,repo grep (process.env / Deno.env.get / import.meta.env / os.getenv); audit:api-lib#19; audit:edge-functions-cron#38; audit:docs-secrets-services#4; audit:docs-secrets-services#33
ENV-SUPABASE_ACCESS_TOKEN,secret-env,SUPABASE_ACCESS_TOKEN,.env.example:19; .mcp.json:7,.env.example:19; .mcp.json (local shell),read at runtime or build time,Supabase MCP dev server,,SUPABASE_ACCESS_TOKEN,dev tooling only,Stays local; never deployed,unchanged,stays,,,repo grep (process.env / Deno.env.get / import.meta.env / os.getenv); audit:docs-secrets-services#5
ENV-RESEND_API_KEY,secret-env,RESEND_API_KEY,supabase/functions/send-notification-email/index.ts:5; supabase/functions/send-internal-rfq-notification-email/index.ts:4; supabase/functions/send-campaign/index.ts:5; supabase/functions/process-followups/index.ts:9; supabase/functions/send-rfq-confirmation-email/index.ts:4; supabase/functions/send-user-email/index.ts:5; (+3 more files),Vercel env; Supabase secrets,read at runtime or build time,api/emails.js; api/notifications.js; send-campaign; process-followups; send-user-email; 4 dead send-* functions,,RESEND_API_KEY,in use,"wrangler secret on microns-site (emails, notifications) and microns-ops (campaigns, Phase 5); stays in Supabase for send-user-email",microns-site,2,,,repo grep (process.env / Deno.env.get / import.meta.env / os.getenv); audit:api-lib#21; audit:edge-functions-cron#42; audit:docs-secrets-services#6
ENV-RESEND_WEBHOOK_SECRET,secret-env,RESEND_WEBHOOK_SECRET,api/marketing.js:32,Vercel env (whether set is unknown: Vercel env API returned 403),read at runtime or build time,api/marketing.js webhook,,RESEND_WEBHOOK_SECRET,unknown,wrangler secret on microns-ops; Svix verification,microns-ops,2,Resend webhook signature verification must be reimplemented to Resend's Svix scheme. Details: private security note.,H-15,repo grep (process.env / Deno.env.get / import.meta.env / os.getenv); audit:api-lib#22; audit:docs-secrets-services#7
ENV-GOOGLE_CLIENT_ID,secret-env,GOOGLE_CLIENT_ID,supabase/functions/check-replies/index.ts:19; supabase/functions/send-campaign/index.ts:81; api/marketing.js:44; scripts/get-google-refresh-token.ts:6,Vercel env; Supabase secrets; local (scripts/get-google-refresh-token.ts),read at runtime or build time,api/marketing.js google-auth; send-campaign; check-replies,,GOOGLE_CLIENT_ID,in use,wrangler secret on microns-ops; stays in Supabase until send-campaign is ported,microns-ops,2,Separate GSC OAuth client lives in the gsc_config row,,repo grep (process.env / Deno.env.get / import.meta.env / os.getenv); audit:api-lib#23; audit:edge-functions-cron#45; audit:docs-secrets-services#8
ENV-GOOGLE_CLIENT_SECRET,secret-env,GOOGLE_CLIENT_SECRET,supabase/functions/check-replies/index.ts:20; supabase/functions/send-campaign/index.ts:82; api/marketing.js:45; scripts/get-google-refresh-token.ts:6,Vercel env; Supabase secrets; local,read at runtime or build time,api/marketing.js; send-campaign; check-replies,,GOOGLE_CLIENT_SECRET,in use,wrangler secret on microns-ops; stays in Supabase until send-campaign is ported,microns-ops,2,,,repo grep (process.env / Deno.env.get / import.meta.env / os.getenv); audit:api-lib#23; audit:edge-functions-cron#45; audit:docs-secrets-services#8
ENV-GOOGLE_REDIRECT_URI,secret-env,GOOGLE_REDIRECT_URI,api/marketing.js:46,Vercel env (optional; default derived from VERCEL_URL),read at runtime or build time,api/marketing.js google-auth,,GOOGLE_REDIRECT_URI,optional,wrangler secret on microns-ops set explicitly to https://www.micronshub.eu/api/marketing?action=google-auth&step=callback and registered in Google Cloud Console,microns-ops,2,See CFG-google-oauth-redirect,,repo grep (process.env / Deno.env.get / import.meta.env / os.getenv); audit:api-lib#23; audit:docs-secrets-services#9
ENV-VERCEL_URL,secret-env,VERCEL_URL,api/marketing.js:47,Vercel-injected,read at runtime or build time,api/marketing.js (OAuth redirect default),,VERCEL_URL,in use,Retire (no Cloudflare equivalent); replaced by GOOGLE_REDIRECT_URI / SITE_ORIGIN,delete,2,,,repo grep (process.env / Deno.env.get / import.meta.env / os.getenv); audit:api-lib#23; audit:docs-secrets-services#10
ENV-APOLLO_API_KEY,secret-env,APOLLO_API_KEY,api/marketing.js:620,app_settings table (primary); Vercel env (fallback),read at runtime or build time,api/marketing.js apollo-enrich,,APOLLO_API_KEY; aliases: app_settings.apollo_api_key (primary),in use,wrangler secret on microns-ops (or keep the DB row only),microns-ops,2,Credential material stored in the database; handling per the private security note.,,repo grep (process.env / Deno.env.get / import.meta.env / os.getenv); audit:api-lib#24; audit:docs-secrets-services#11
ENV-TELEGRAM_BOT_TOKEN,secret-env,TELEGRAM_BOT_TOKEN,src/pages/dashboard/LeadMonitorPage.tsx:703; supabase/functions/hn-collector/index.ts:6; supabase/functions/reddit-collector/index.ts:6; supabase/functions/telegram-tenders-bot/index.ts:22; supabase/functions/telegram-leads-bot/index.ts:6; api/tender-scan.js:253; (+1 more files),Vercel env; Supabase secrets; app_settings table,read at runtime or build time,api/tender-scan.js; api/funded-startups.js; hn-collector; reddit-collector; telegram-leads-bot; telegram-tenders-bot,,TELEGRAM_BOT_TOKEN; aliases: app_settings.telegram_bot_token; per-tenant inventory_settings.telegram_bot_token,in use,"wrangler secret on microns-ops (collectors, alerts); stays in Supabase for the bots",microns-ops,2,"One env name everywhere (1 bot, 1 chat by design); whether Vercel and Supabase hold the same value is unverifiable",,repo grep (process.env / Deno.env.get / import.meta.env / os.getenv); audit:api-lib#25; audit:edge-functions-cron#46; audit:docs-secrets-services#12
ENV-TELEGRAM_CHAT_ID,secret-env,TELEGRAM_CHAT_ID,src/pages/dashboard/LeadMonitorPage.tsx:704; supabase/functions/hn-collector/index.ts:7; supabase/functions/reddit-collector/index.ts:7; supabase/functions/telegram-tenders-bot/index.ts:23; supabase/functions/telegram-leads-bot/index.ts:7; api/tender-scan.js:254; (+1 more files),Vercel env; Supabase secrets; app_settings table,read at runtime or build time,same consumers as TELEGRAM_BOT_TOKEN,,TELEGRAM_CHAT_ID; aliases: app_settings.telegram_chat_id,in use,wrangler secret on microns-ops; stays in Supabase for the bots,microns-ops,2,,,repo grep (process.env / Deno.env.get / import.meta.env / os.getenv); audit:api-lib#25; audit:edge-functions-cron#46; audit:docs-secrets-services#12
ENV-AWS_ACCESS_KEY_ID,secret-env,AWS_ACCESS_KEY_ID,api/s3.js:49; VITE_AWS_ACCESS_KEY_ID: api/s3.js:49; vite.config.ts:68; (+1 more files),Vercel env (AWS_* or VITE_AWS_* names),read at runtime or build time,api/s3.js (rfq scope),,"AWS_ACCESS_KEY_ID; aliases: VITE_AWS_ACCESS_KEY_ID (legacy name, server fallback only)",in use,wrangler secret LEGACY_AWS_ACCESS_KEY_ID on microns-site (read-only legacy S3); VITE_ name removed,microns-site,2,Denylisted from the client bundle (vite.config.ts:68); remaining debt is naming and stale docs (C2),H-17,repo grep (process.env / Deno.env.get / import.meta.env / os.getenv); audit:api-lib#26; audit:edge-functions-cron#52; audit:docs-secrets-services#13; audit:docs-secrets-services#15
ENV-AWS_SECRET_ACCESS_KEY,secret-env,AWS_SECRET_ACCESS_KEY,api/s3.js:51; VITE_AWS_SECRET_ACCESS_KEY: api/s3.js:51; vite.config.ts:69; (+1 more files),Vercel env,read at runtime or build time,api/s3.js (rfq scope),,AWS_SECRET_ACCESS_KEY; aliases: VITE_AWS_SECRET_ACCESS_KEY,in use,wrangler secret LEGACY_AWS_SECRET_ACCESS_KEY on microns-site,microns-site,2,Denylisted from the client bundle (vite.config.ts:69),H-17,repo grep (process.env / Deno.env.get / import.meta.env / os.getenv); audit:api-lib#26; audit:edge-functions-cron#52; audit:docs-secrets-services#13; audit:docs-secrets-services#15
ENV-AWS_ARTICLES_ACCESS_KEY_ID,secret-env,AWS_ARTICLES_ACCESS_KEY_ID,api/s3.js:55; VITE_AWS_ARTICLES_ACCESS_KEY_ID: api/s3.js:56; vite.config.ts:70,Vercel env,read at runtime or build time,api/s3.js (articles scope),,AWS_ARTICLES_ACCESS_KEY_ID; aliases: VITE_AWS_ARTICLES_ACCESS_KEY_ID,in use,Retire after Phase 2: new article images go to R2 microns-public; legacy article images are public URLs that need no key,delete,6,Denylisted from the client bundle (vite.config.ts:70),H-17,repo grep (process.env / Deno.env.get / import.meta.env / os.getenv); audit:api-lib#26; audit:docs-secrets-services#13; audit:docs-secrets-services#15
ENV-AWS_ARTICLES_SECRET_ACCESS_KEY,secret-env,AWS_ARTICLES_SECRET_ACCESS_KEY,api/s3.js:60; VITE_AWS_ARTICLES_SECRET_ACCESS_KEY: api/s3.js:61; vite.config.ts:71,Vercel env,read at runtime or build time,api/s3.js (articles scope),,AWS_ARTICLES_SECRET_ACCESS_KEY; aliases: VITE_AWS_ARTICLES_SECRET_ACCESS_KEY,in use,Retire after Phase 2 (as above),delete,6,Denylisted from the client bundle (vite.config.ts:71),H-17,repo grep (process.env / Deno.env.get / import.meta.env / os.getenv); audit:api-lib#26; audit:docs-secrets-services#13; audit:docs-secrets-services#15
ENV-AWS_REGION,secret-env,AWS_REGION,api/s3.js:34; VITE_AWS_REGION: api/s3.js:34; .env.example:26,"Vercel env; .env.example:26 (us-east-1, stale)",read at runtime or build time,api/s3.js,,AWS_REGION; aliases: VITE_AWS_REGION,in use,var LEGACY_S3_REGION = eu-north-1 on microns-site,microns-site,2,Real region discovered at runtime (api/s3.js:27-32),,repo grep (process.env / Deno.env.get / import.meta.env / os.getenv); audit:api-lib#26; audit:edge-functions-cron#52; audit:docs-secrets-services#14; audit:docs-secrets-services#15
ENV-AWS_S3_BUCKET,secret-env,AWS_S3_BUCKET,api/s3.js:38; AWS_BUCKET_NAME: api/s3.js:39; VITE_AWS_BUCKET_NAME: api/s3.js:40; .env.example:27,Vercel env; .env.example:27,read at runtime or build time,api/s3.js (rfq scope),,AWS_S3_BUCKET; aliases: AWS_BUCKET_NAME; VITE_AWS_BUCKET_NAME,in use,Legacy RFQ bucket name as a var on microns-site (variable name to be fixed in Phase 2),microns-site,2,,H-17,repo grep (process.env / Deno.env.get / import.meta.env / os.getenv); audit:api-lib#26; audit:edge-functions-cron#52; audit:docs-secrets-services#14; audit:docs-secrets-services#15
ENV-AWS_ARTICLES_BUCKET,secret-env,AWS_ARTICLES_BUCKET,api/s3.js:42; VITE_AWS_ARTICLES_BUCKET_NAME: api/s3.js:43,Vercel env,read at runtime or build time,api/s3.js (articles scope),,AWS_ARTICLES_BUCKET; aliases: VITE_AWS_ARTICLES_BUCKET_NAME (default 'articles'),in use,Retire after Phase 2 (legacy article image URLs stay public on S3),delete,6,,H-17,repo grep (process.env / Deno.env.get / import.meta.env / os.getenv); audit:api-lib#26; audit:docs-secrets-services#14; audit:docs-secrets-services#15
ENV-VITE_SITE_URL,secret-env,VITE_SITE_URL,src/components/dashboard/SocialPostDialog.tsx:210; src/pages/dashboard/BlogList.tsx:1022,Vercel env (optional; default https://www.micronshub.eu),read at runtime or build time,SocialPostDialog.tsx; BlogList.tsx,,VITE_SITE_URL,optional,Build variable in the Cloudflare build,microns-site,1,,,repo grep (process.env / Deno.env.get / import.meta.env / os.getenv); audit:docs-secrets-services#16
ENV-VITE_GOOGLE_ADS_CONVERSION_LABEL,secret-env,VITE_GOOGLE_ADS_CONVERSION_LABEL,src/utils/analytics.ts:15,Vercel env (optional; literal fallback in src/utils/analytics.ts:15),read at runtime or build time,src/utils/analytics.ts,,VITE_GOOGLE_ADS_CONVERSION_LABEL,optional,Build variable in the Cloudflare build,microns-site,1,Public identifier,,repo grep (process.env / Deno.env.get / import.meta.env / os.getenv); audit:docs-secrets-services#17
ENV-VITE_APP_ENV,secret-env,VITE_APP_ENV,.env.example:32,.env.example:32 only,read at runtime or build time,none,,VITE_APP_ENV,unused,Retire,delete,6,,,repo grep (process.env / Deno.env.get / import.meta.env / os.getenv); audit:docs-secrets-services#19
ENV-VITE_APP_NAME,secret-env,VITE_APP_NAME,.env.example:33,.env.example:33 only,read at runtime or build time,none,,VITE_APP_NAME,unused,Retire,delete,6,,,repo grep (process.env / Deno.env.get / import.meta.env / os.getenv); audit:docs-secrets-services#19
ENV-NODE_ENV,secret-env,NODE_ENV,vite.config.ts:85; src/pages/OrderDetailsPage.tsx:1532,build / local,read at runtime or build time,vite.config.ts:85; src/pages/OrderDetailsPage.tsx,,NODE_ENV,in use,Unchanged (set by the build),unchanged,stays,,,repo grep (process.env / Deno.env.get / import.meta.env / os.getenv); audit:docs-secrets-services#34
ENV-BASE_URL,secret-env,BASE_URL,playwright.config.ts:8,local / CI (Playwright),read at runtime or build time,playwright.config.ts:8,,BASE_URL,in use,CI variable pointing the parity and e2e tests at the preview host,unchanged,1,,,repo grep (process.env / Deno.env.get / import.meta.env / os.getenv); audit:docs-secrets-services#34
ENV-ANTHROPIC_API_KEY,secret-env,ANTHROPIC_API_KEY,supabase/functions/generate-daily-article/index.ts:6,Supabase secrets,read at runtime or build time,generate-daily-article,,ANTHROPIC_API_KEY,in use,wrangler secret on microns-ops or AI Gateway BYOK (Phase 5); stays in Supabase until the port,microns-ops,5,,,repo grep (process.env / Deno.env.get / import.meta.env / os.getenv); audit:edge-functions-cron#40; audit:docs-secrets-services#20
ENV-GEMINI_API_KEY,secret-env,GEMINI_API_KEY,supabase/functions/post-to-social-media/index.ts:6; supabase/functions/translate-article/index.ts:6,Supabase secrets,read at runtime or build time,translate-article; post-to-social-media,,GEMINI_API_KEY,in use,"wrangler secret on microns-ops or AI Gateway BYOK (route translate, Phase 5); stays in Supabase for post-to-social-media",microns-ops,5,,,repo grep (process.env / Deno.env.get / import.meta.env / os.getenv); audit:edge-functions-cron#41; audit:docs-secrets-services#21
ENV-SITE_URL,secret-env,SITE_URL,mcp-server/src/index.ts:523; supabase/functions/generate-sitemap/index.ts:25; supabase/functions/post-to-social-media/index.ts:7; supabase/functions/generate-daily-article/index.ts:7; supabase/functions/translate-article/index.ts:7; supabase/functions/tender-collector/index.ts:5,Supabase secrets (optional); local (mcp-server); app_settings table,read at runtime or build time,generate-daily-article; generate-sitemap; post-to-social-media; tender-collector; translate-article; mcp-server,,SITE_URL; aliases: app_settings.site_url (= https://www.micronshub.eu),in use,Stays in Supabase with the same value; Workers use var SITE_ORIGIN,supabase-stays,stays,Must remain https://www.micronshub.eu (zero URL change),H-14,repo grep (process.env / Deno.env.get / import.meta.env / os.getenv); audit:edge-functions-cron#43; audit:docs-secrets-services#22; audit:docs-secrets-services#33
ENV-TRACKING_DOMAIN,secret-env,TRACKING_DOMAIN,supabase/functions/send-campaign/index.ts:8; supabase/functions/process-followups/index.ts:12,Supabase secrets (optional); marketing_settings table,read at runtime or build time,send-campaign; process-followups,,TRACKING_DOMAIN; aliases: marketing_settings.tracking_domain (overrides; default https://micronshub.eu),optional,"Stays until the Phase 5 port, then a var on microns-ops with the same value",supabase-stays,5,Default is the apex host: apex must keep serving /api/marketing?action=track,H-14; H-24,repo grep (process.env / Deno.env.get / import.meta.env / os.getenv); audit:edge-functions-cron#44; audit:docs-secrets-services#25
ENV-UNFOLD_SERVICE_URL,secret-env,UNFOLD_SERVICE_URL,supabase/functions/generate-manufacturing-pdf/index.ts:55; supabase/functions/extract-flat-pattern/index.ts:145,Supabase secrets (points at the VPS FastAPI service),read at runtime or build time,extract-flat-pattern; generate-manufacturing-pdf,,UNFOLD_SERVICE_URL,in use,Stays in Supabase; value repointed to the microns-cad route in Phase 5 (redeploy both functions),supabase-stays,5,VPS hostname is not recorded in the repo,,repo grep (process.env / Deno.env.get / import.meta.env / os.getenv); audit:edge-functions-cron#47; audit:python-bots-mcp-ci#14; audit:docs-secrets-services#26
ENV-INDEXNOW_KEY,secret-env,INDEXNOW_KEY,supabase/functions/translate-article/index.ts:8,Supabase secrets; must equal public/indexnow_key.txt,read at runtime or build time,translate-article,,INDEXNOW_KEY,in use,wrangler secret on microns-ops (Phase 5); stays in Supabase until then,microns-ops,5,Public by design (the key file is served at /indexnow_key.txt); value not reproduced here,H-14,repo grep (process.env / Deno.env.get / import.meta.env / os.getenv); audit:edge-functions-cron#48; audit:docs-secrets-services#23
ENV-FACEBOOK_PAGE_ID,secret-env,FACEBOOK_PAGE_ID,supabase/functions/post-to-social-media/index.ts:8,Supabase secrets,read at runtime or build time,post-to-social-media,,FACEBOOK_PAGE_ID,in use,Stays in Supabase,supabase-stays,stays,,,repo grep (process.env / Deno.env.get / import.meta.env / os.getenv); audit:edge-functions-cron#49; audit:docs-secrets-services#24
ENV-FACEBOOK_ACCESS_TOKEN,secret-env,FACEBOOK_ACCESS_TOKEN,supabase/functions/post-to-social-media/index.ts:9,Supabase secrets,read at runtime or build time,post-to-social-media,,FACEBOOK_ACCESS_TOKEN,in use,Stays in Supabase,supabase-stays,stays,Tokens expire about every 60 days,,repo grep (process.env / Deno.env.get / import.meta.env / os.getenv); audit:edge-functions-cron#49; audit:docs-secrets-services#24
ENV-LINKEDIN_ORG_ID,secret-env,LINKEDIN_ORG_ID,supabase/functions/post-to-social-media/index.ts:10,Supabase secrets,read at runtime or build time,post-to-social-media,,LINKEDIN_ORG_ID,in use,Stays in Supabase,supabase-stays,stays,,,repo grep (process.env / Deno.env.get / import.meta.env / os.getenv); audit:edge-functions-cron#49; audit:docs-secrets-services#24
ENV-LINKEDIN_ACCESS_TOKEN,secret-env,LINKEDIN_ACCESS_TOKEN,supabase/functions/post-to-social-media/index.ts:11,Supabase secrets,read at runtime or build time,post-to-social-media,,LINKEDIN_ACCESS_TOKEN,in use,Stays in Supabase,supabase-stays,stays,Tokens expire about every 60 days,,repo grep (process.env / Deno.env.get / import.meta.env / os.getenv); audit:edge-functions-cron#49; audit:docs-secrets-services#24
ENV-XOMETRY_PARTNER_AUTH_TOKEN,secret-env,XOMETRY_PARTNER_AUTH_TOKEN,supabase/functions/xometry-review/index.ts:23; XB_PARTNER_AUTH_TOKEN: .github/workflows/xometry-scan.yml:14; xometry-bot/xometry_bot/config.py:153; (+2 more files),Supabase secrets; GitHub Actions secrets (same token in two stores),read at runtime or build time,xometry-review; xometry-scan workflow,,XOMETRY_PARTNER_AUTH_TOKEN; aliases: XB_PARTNER_AUTH_TOKEN (GitHub secret for the scanner),in use,"Stays in Supabase for xometry-review; if the scanner moves (PLAN.md Q8), secret XOMETRY_TOKEN on microns-ops",microns-ops,5,Expires; manual MFA refresh; both stores must be refreshed together,,repo grep (process.env / Deno.env.get / import.meta.env / os.getenv); audit:edge-functions-cron#50; audit:python-bots-mcp-ci#15; audit:docs-secrets-services#28; audit:docs-secrets-services#29
ENV-XOMETRY_PARTNER_COOKIE,secret-env,XOMETRY_PARTNER_COOKIE,supabase/functions/xometry-review/index.ts:197; XB_PARTNER_COOKIE: .github/workflows/xometry-scan.yml:15; xometry-bot/xometry_bot/config.py:154; (+2 more files),Supabase secrets; GitHub Actions secrets (optional),read at runtime or build time,xometry-review; xometry-scan workflow,,XOMETRY_PARTNER_COOKIE; aliases: XB_PARTNER_COOKIE,optional,As XOMETRY_PARTNER_AUTH_TOKEN,microns-ops,5,,,repo grep (process.env / Deno.env.get / import.meta.env / os.getenv); audit:edge-functions-cron#50; audit:python-bots-mcp-ci#15; audit:docs-secrets-services#28; audit:docs-secrets-services#29
ENV-XOMETRY_COUNTEROFFER_MUTATION,secret-env,XOMETRY_COUNTEROFFER_MUTATION,supabase/functions/xometry-review/index.ts:24,Supabase secrets,read at runtime or build time,xometry-review,,XOMETRY_COUNTEROFFER_MUTATION,in use,Stays in Supabase,supabase-stays,stays,,,repo grep (process.env / Deno.env.get / import.meta.env / os.getenv); audit:edge-functions-cron#50; audit:docs-secrets-services#28
ENV-XOMETRY_COUNTEROFFER_OPERATION_NAME,secret-env,XOMETRY_COUNTEROFFER_OPERATION_NAME,supabase/functions/xometry-review/index.ts:199,Supabase secrets,read at runtime or build time,xometry-review,,XOMETRY_COUNTEROFFER_OPERATION_NAME,in use,Stays in Supabase,supabase-stays,stays,,,repo grep (process.env / Deno.env.get / import.meta.env / os.getenv); audit:edge-functions-cron#50; audit:docs-secrets-services#28
ENV-XOMETRY_REVIEW_API_URL,secret-env,XOMETRY_REVIEW_API_URL,supabase/functions/xometry-review/index.ts:20; xometry-bot/dashboard/app/api/xometry/[action]/route.ts:17,Supabase secrets (optional); xometry-bot/dashboard reference,read at runtime or build time,xometry-review (box proxy path),,XOMETRY_REVIEW_API_URL,optional,Stays in Supabase; only relevant if the review box exists,supabase-stays,stays,,,repo grep (process.env / Deno.env.get / import.meta.env / os.getenv); audit:edge-functions-cron#50; audit:docs-secrets-services#28
ENV-XOMETRY_REVIEW_API_TOKEN,secret-env,XOMETRY_REVIEW_API_TOKEN,supabase/functions/xometry-review/index.ts:20; xometry-bot/dashboard/app/api/xometry/[action]/route.ts:18; XB_REVIEW_API_TOKEN: xometry-bot/xometry_bot/config.py:155; xometry-bot/xometry_bot/review_api.py:49; (+1 more files),Supabase secrets (optional); VPS .env (box),read at runtime or build time,xometry-review; xometry-bot review_api.py,,XOMETRY_REVIEW_API_TOKEN; aliases: XB_REVIEW_API_TOKEN (box side),optional,Stays in Supabase; retire both if the review box is not used,supabase-stays,stays,,,repo grep (process.env / Deno.env.get / import.meta.env / os.getenv); audit:edge-functions-cron#50; audit:docs-secrets-services#28; audit:docs-secrets-services#31
ENV-ADMIN_PASSWORD_UPDATE_SECRET,secret-env,ADMIN_PASSWORD_UPDATE_SECRET,src/pages/PartnerManagement.tsx:62; supabase/functions/admin-update-partner-password/index.ts:10; VITE_ADMIN_PASSWORD_UPDATE_SECRET: src/pages/PartnerManagement.tsx:62; vite.config.ts:72,Supabase secrets; Vercel env (never reaches the bundle),read at runtime or build time,admin-update-partner-password (not deployed); src/pages/PartnerManagement.tsx:62,,"ADMIN_PASSWORD_UPDATE_SECRET; aliases: VITE_ADMIN_PASSWORD_UPDATE_SECRET (client mirror, denylisted at vite.config.ts:72)",in use (feature broken in production builds),Retire; replace with a JWT + staff-role gate (Phase 6),delete,6,auth gap - see private note,H-21,repo grep (process.env / Deno.env.get / import.meta.env / os.getenv); audit:edge-functions-cron#51; audit:docs-secrets-services#18; audit:docs-secrets-services#27
ENV-XB_DB_DSN,secret-env,XB_DB_DSN,.github/workflows/xometry-scan.yml:11; xometry-bot/xometry_bot/config.py:152; xometry-bot/xometry_bot/db.py:88; xometry-bot/.env.example:6,GitHub Actions secret (Postgres connection string),read at runtime or build time,xometry-scan workflow (psycopg upsert),,XB_DB_DSN,in use,"Retired when the scanner moves (PostgREST with the service credential, or the optional Hyperdrive binding SUPABASE_DB)",delete,5,Credential rotation checklist: private note (P0-2),H-7,repo grep (process.env / Deno.env.get / import.meta.env / os.getenv); audit:python-bots-mcp-ci#15; audit:docs-secrets-services#29
ENV-XB_BORDERLINE_EXCLUDE,secret-env,XB_BORDERLINE_EXCLUDE,.github/workflows/xometry-scan.yml:68; xometry-bot/xometry_bot/config.py:77; xometry-bot/.env.example:37,GitHub repository variable,read at runtime or build time,xometry-scan workflow,,XB_BORDERLINE_EXCLUDE,in use,var on microns-ops if the scanner is ported (PLAN.md Q8),microns-ops,5,,,repo grep (process.env / Deno.env.get / import.meta.env / os.getenv); audit:docs-secrets-services#29
ENV-XB_ENABLE_BUYER_PRICING,secret-env,XB_ENABLE_BUYER_PRICING,.github/workflows/xometry-scan.yml:66; xometry-bot/xometry_bot/config.py:161; xometry-bot/xometry_bot/pipeline.py:270; xometry-bot/.env.example:25,"workflow literal ""0"" (xometry-scan.yml:66); VPS .env",read at runtime or build time,xometry-bot pipeline,,XB_ENABLE_BUYER_PRICING,off,Unchanged; Phase-2 Playwright pricing is PLAN.md Q8,unchanged,stays,,,repo grep (process.env / Deno.env.get / import.meta.env / os.getenv); audit:docs-secrets-services#31
ENV-XB_DOWNLOAD_FILES,secret-env,XB_DOWNLOAD_FILES,.github/workflows/xometry-scan.yml:67; xometry-bot/xometry_bot/config.py:165; xometry-bot/tests/test_pipeline.py:117; xometry-bot/.env.example:33,"workflow literal ""0"" (xometry-scan.yml:67); VPS .env",read at runtime or build time,xometry-bot pipeline,,XB_DOWNLOAD_FILES,off,Unchanged,unchanged,stays,,,repo grep (process.env / Deno.env.get / import.meta.env / os.getenv); audit:docs-secrets-services#31
ENV-XB_HEADLESS,secret-env,XB_HEADLESS,xometry-bot/xometry_bot/config.py:163; xometry-bot/.env.example:28,VPS .env (optional),read at runtime or build time,xometry-bot Playwright phases (not deployed),,XB_HEADLESS,unused in production,Not migrated,unchanged,stays,,,repo grep (process.env / Deno.env.get / import.meta.env / os.getenv); audit:docs-secrets-services#31
ENV-XB_DATA_DIR,secret-env,XB_DATA_DIR,xometry-bot/xometry_bot/config.py:156; xometry-bot/.env.example:17,VPS .env (optional),read at runtime or build time,xometry-bot,,XB_DATA_DIR,unused in production,Not migrated,unchanged,stays,,,repo grep (process.env / Deno.env.get / import.meta.env / os.getenv); audit:docs-secrets-services#31
ENV-XB_BUYER_PROFILE_DIR,secret-env,XB_BUYER_PROFILE_DIR,xometry-bot/xometry_bot/config.py:157; xometry-bot/.env.example:20,VPS .env (optional),read at runtime or build time,xometry-bot buyer_pricer (not deployed),,XB_BUYER_PROFILE_DIR,unused in production,Not migrated,unchanged,stays,,,repo grep (process.env / Deno.env.get / import.meta.env / os.getenv); audit:docs-secrets-services#31
ENV-XB_PARTNER_PROFILE_DIR,secret-env,XB_PARTNER_PROFILE_DIR,xometry-bot/xometry_bot/config.py:159; xometry-bot/.env.example:21,VPS .env (optional),read at runtime or build time,xometry-bot partner_form (not deployed),,XB_PARTNER_PROFILE_DIR,unused in production,Not migrated,unchanged,stays,,,repo grep (process.env / Deno.env.get / import.meta.env / os.getenv); audit:docs-secrets-services#31
ENV-XB_BUYER_SELECTORS_CONFIRMED,secret-env,XB_BUYER_SELECTORS_CONFIRMED,xometry-bot/xometry_bot/config.py:162; xometry-bot/xometry_bot/selectors.py:5; xometry-bot/xometry_bot/buyer_pricer.py:5; xometry-bot/.env.example:26,VPS .env (optional),read at runtime or build time,xometry-bot buyer_pricer (not deployed),,XB_BUYER_SELECTORS_CONFIRMED,unused in production,Not migrated,unchanged,stays,,,repo grep (process.env / Deno.env.get / import.meta.env / os.getenv); audit:docs-secrets-services#31
ENV-GITHUB_TOKEN,secret-env,GITHUB_TOKEN,.github/workflows/auto-merge-claude.yml:19,GitHub Actions (automatic),read at runtime or build time,auto-merge-claude.yml,,GITHUB_TOKEN,in use,Unchanged; the workflow is gated in P0-1,unchanged,0,,H-2,repo grep (process.env / Deno.env.get / import.meta.env / os.getenv); audit:docs-secrets-services#30
ENV-SUPABASE_S3_ACCESS_KEY,secret-env,SUPABASE_S3_ACCESS_KEY,sheet-metal-service/config.py:8; sheet-metal-service/docker-compose.yml:11; sheet-metal-service/storage/s3_client.py:26; sheet-metal-service/.env.example:6,VPS .env (sheet-metal-service),read at runtime or build time,sheet-metal-service (unused storage_path mode),,SUPABASE_S3_ACCESS_KEY,unused path,Retire when the service moves to microns-cad,delete,5,,,repo grep (process.env / Deno.env.get / import.meta.env / os.getenv); audit:docs-secrets-services#32
ENV-SUPABASE_S3_SECRET_KEY,secret-env,SUPABASE_S3_SECRET_KEY,sheet-metal-service/config.py:9; sheet-metal-service/docker-compose.yml:12; sheet-metal-service/storage/s3_client.py:27; sheet-metal-service/.env.example:7,VPS .env (sheet-metal-service),read at runtime or build time,sheet-metal-service (unused storage_path mode),,SUPABASE_S3_SECRET_KEY,unused path,Retire when the service moves to microns-cad,delete,5,,,repo grep (process.env / Deno.env.get / import.meta.env / os.getenv); audit:docs-secrets-services#32
ENV-S3_BUCKET,secret-env,S3_BUCKET,sheet-metal-service/config.py:10; sheet-metal-service/.env.example,VPS .env (default rfq-files),read at runtime or build time,sheet-metal-service/config.py:10,,S3_BUCKET,unused path,Retire when the service moves,delete,5,,,repo grep (process.env / Deno.env.get / import.meta.env / os.getenv); audit:docs-secrets-services#32
ENV-S3_REGION,secret-env,S3_REGION,sheet-metal-service/config.py:11; sheet-metal-service/.env.example,VPS .env (default us-east-1),read at runtime or build time,sheet-metal-service/config.py:11,,S3_REGION,unused path,Retire when the service moves,delete,5,,,repo grep (process.env / Deno.env.get / import.meta.env / os.getenv); audit:docs-secrets-services#32
ENV-API_KEY,secret-env,API_KEY,sheet-metal-service/config.py:14; sheet-metal-service/main.py:52-56; sheet-metal-service/docker-compose.yml,VPS .env (sheet-metal-service; presumably empty),read at runtime or build time,sheet-metal-service main.py (not applied to /flat-pattern),,API_KEY,unknown,Replaced by CAD_SHARED_SECRET enforced by the CadRouter DO / microns-cad,microns-cad,5,auth gap - see private note,,repo grep (process.env / Deno.env.get / import.meta.env / os.getenv); audit:docs-secrets-services#32
ENV-app_settings.reddit_client_id,secret-env,app_settings.reddit_client_id,app_settings table,app_settings table,read at runtime,src/pages/dashboard/SettingsPage.tsx (edit form only),,app_settings.reddit_client_id,"stored, unused by collectors",Stays in Supabase or remove: no collector reads it (reddit-collector uses pullpush without credentials),supabase-stays,stays,Credential material stored in the database; handling per the private security note.,,live 2026-09-30 (app_settings keys; values not read); repo src/pages/dashboard/SettingsPage.tsx:27
ENV-app_settings.reddit_client_secret,secret-env,app_settings.reddit_client_secret,app_settings table,app_settings table,read at runtime,src/pages/dashboard/SettingsPage.tsx (edit form only),,app_settings.reddit_client_secret,"stored, unused by collectors",As above,supabase-stays,stays,Handling per the private security note,,live 2026-09-30 (app_settings keys; values not read); repo src/pages/dashboard/SettingsPage.tsx:28
ENV-gsc_config,secret-env,gsc_config (OAuth client and token fields),gsc_config table (single row id=1),gsc_config table (single row id=1),read at runtime,api/_lib/gsc-client.js:51-52; mcp-server/src/gsc-client.ts,,gsc_config (OAuth client and token fields); aliases: GSC_SERVICE_ACCOUNT_JSON (planned microns-ops secret name; not an env name today),in use,"microns-ops keeps reading the row with the service credential, or moves the service account to secret GSC_SERVICE_ACCOUNT_JSON (decide in Phase 2)",microns-ops,2,OAuth grant expires in 7 days while the OAuth consent screen is in Testing,,audit:python-bots-mcp-ci#13; audit:docs-secrets-services#35
ENV-marketing_sender_accounts (per-sender OAuth credentials),secret-env,marketing_sender_accounts (per-sender OAuth credentials),"marketing_sender_accounts table (2 google_workspace accounts, live 2026-09-30)","marketing_sender_accounts table (2 google_workspace accounts, live 2026-09-30)",read at runtime,api/marketing.js google-auth; send-campaign; check-replies,,marketing_sender_accounts (per-sender OAuth credentials),in use,Stays in Supabase,supabase-stays,stays,Per-sender OAuth credentials for the Workspace senders,,audit:docs-secrets-services#36; live 2026-09-30 (2 google_workspace sender accounts)
ENV-inventory_settings.telegram_bot_token,secret-env,inventory_settings.telegram_bot_token,inventory_settings table (per tenant),inventory_settings table (per tenant),read at runtime,lib/inventory/stock-check.js; lib/inventory/cron-batch.js,,inventory_settings.telegram_bot_token,in use,Stays in Supabase,supabase-stays,stays,Handling per the private security note,,audit:data-layer#4
ENV-tender_connectors.auth_config,secret-env,tender_connectors.auth_config,tender_connectors table (26 connectors),tender_connectors table (26 connectors),read at runtime,lib/connectors/* via api/tender-scan.js,,tender_connectors.auth_config,unverified whether populated,Stays in Supabase,supabase-stays,stays,May hold portal credentials,,audit:data-layer#9
EXT-anthropic,external-api,Anthropic Messages API,supabase/functions/generate-daily-article/index.ts:183-212,Supabase Edge (direct fetch),article generation,generate-daily-article,api.anthropic.com/v1/messages,ANTHROPIC_API_KEY,active,AI Gateway microns (Anthropic) from microns-ops; current models picked at Phase 4/5 start,microns-ops,5,Repo model ID claude-sonnet-4-20250514 (live v36 unverified),H-26,audit:edge-functions-cron#53; audit:docs-secrets-services#45
EXT-gemini,external-api,Google Gemini (Generative Language API),"supabase/functions/translate-article/index.ts:73-77,104; supabase/functions/post-to-social-media/index.ts:110",Supabase Edge (direct fetch); local scripts,translation; hashtags,translate-article; post-to-social-media,"generativelanguage.googleapis.com (v1, v1beta)",GEMINI_API_KEY,active,"AI Gateway route translate (Google AI Studio, current Flash-class model) from microns-ops; post-to-social-media stays",microns-ops,5,"Repo model IDs (gemini-2.0-flash, -lite, 1.5-flash-latest) are retired",H-19; H-26,audit:edge-functions-cron#54; audit:docs-secrets-services#46
EXT-gmail,external-api,Gmail API,supabase/functions/send-campaign/index.ts:158-168; supabase/functions/check-replies/index.ts:82-99,Supabase Edge,campaign send; reply polling (not deployed),send-campaign; check-replies,gmail.googleapis.com,per-sender OAuth credentials (DB); GOOGLE_CLIENT_ID; GOOGLE_CLIENT_SECRET,active,microns-ops (outbound-mail consumer; Gmail poller */10 in Phase 4),microns-ops,5,2 live google_workspace sender accounts,,audit:edge-functions-cron#55; audit:docs-secrets-services#39
EXT-google-oauth,external-api,"Google OAuth 2.0 (authorize, token, userinfo)","api/marketing.js:44-51,401-560; supabase/functions/send-campaign/index.ts:87; supabase/functions/check-replies/index.ts:25",Vercel Node + Supabase Edge,Workspace account connect; token refresh,api/marketing.js; send-campaign; check-replies,accounts.google.com/o/oauth2/v2/auth; oauth2.googleapis.com/token; www.googleapis.com/oauth2/v2/userinfo,GOOGLE_CLIENT_ID; GOOGLE_CLIENT_SECRET; GOOGLE_REDIRECT_URI,active,microns-ops; redirect URI registered explicitly (CFG-google-oauth-redirect),microns-ops,2,,,audit:edge-functions-cron#56; audit:docs-secrets-services#39
EXT-gsc,external-api,Google Search Console API + Indexing API,api/_lib/gsc-client.js:25-29; mcp-server/src/gsc-client.ts:17-21,Vercel Node; local MCP,SEO console actions,api/gsc.js; mcp-server,searchconsole.googleapis.com/v1; www.googleapis.com/webmasters/v3; indexing.googleapis.com/v3; oauth2.googleapis.com,gsc_config row,active,microns-ops (/api/gsc); remote MCP tools in Phase 4,microns-ops,2,Property sc-domain:micronshub.eu (DNS TXT verification),H-20,audit:docs-secrets-services#40
EXT-telegram,external-api,Telegram Bot API,"api/tender-scan.js:291; api/funded-startups.js:513; supabase/functions/{hn-collector,reddit-collector,telegram-leads-bot,telegram-tenders-bot}; lib/inventory/stock-check.js",Vercel Node + Supabase Edge,alerts; bot webhooks,collectors; scanners; bots; inventory alerts,api.telegram.org/bot…/sendMessage; inbound webhooks to Supabase function URLs,TELEGRAM_BOT_TOKEN; TELEGRAM_CHAT_ID; inventory_settings token,active,Alerts from microns-ops; bots stay on Supabase; Phase 4 approval path reuses the bot,microns-ops,2,,,audit:edge-functions-cron#57; audit:docs-secrets-services#47
EXT-facebook,external-api,Facebook Graph API,supabase/functions/post-to-social-media/index.ts:187,Supabase Edge,manual social post,post-to-social-media,graph.facebook.com/v21.0/{page}/feed,FACEBOOK_PAGE_ID; FACEBOOK_ACCESS_TOKEN,active,Stays (post-to-social-media stays on Supabase),supabase-stays,stays,,,audit:edge-functions-cron#58; audit:docs-secrets-services#48
EXT-linkedin,external-api,LinkedIn Posts API,supabase/functions/post-to-social-media/index.ts:220-227,Supabase Edge,manual social post,post-to-social-media,api.linkedin.com/rest/posts (LinkedIn-Version 202401),LINKEDIN_ORG_ID; LINKEDIN_ACCESS_TOKEN,active,Stays; bump the API version,supabase-stays,stays,,,audit:edge-functions-cron#59; audit:docs-secrets-services#49
EXT-indexnow,external-api,IndexNow (Bing),supabase/functions/translate-article/index.ts:1225-1228; src/utils/indexNowClient.ts:46,Supabase Edge; browser dashboard,after translation; manual,translate-article; dashboard,www.bing.com/indexnow,INDEXNOW_KEY,active,content-daily Workflow step (Phase 5); key file stays at /indexnow_key.txt,microns-ops,5,keyLocation https://{host}/indexnow_key.txt,H-14,audit:edge-functions-cron#60; audit:docs-secrets-services#44
EXT-hn-algolia,external-api,Hacker News Algolia search,"supabase/functions/hn-collector/index.ts:139,147",Supabase Edge,HN collection,hn-collector,hn.algolia.com/api/v1/search_by_date,none,active,microns-ops Cron Trigger consumer,microns-ops,5,,,audit:edge-functions-cron#61; audit:docs-secrets-services#51
EXT-pullpush,external-api,Reddit via pullpush,"supabase/functions/reddit-collector/index.ts:18,141-146",Supabase Edge,Reddit collection,reddit-collector,api.pullpush.io/reddit/search/submission,none,active,microns-ops Cron Trigger consumer,microns-ops,5,,,audit:edge-functions-cron#62; audit:docs-secrets-services#50
EXT-xometry,external-api,Xometry partner GraphQL and portals,"supabase/functions/xometry-review/index.ts:53,208; xometry-bot/xometry_bot/partner_client.py; .github/workflows/xometry-scan.yml",GitHub Actions (scan); Supabase Edge (submit),scan 7x/day; dashboard submit,xometry-scan; xometry-review,"api.xometry.eu/partners/graphql; partner.xometry.eu (manual MFA token capture); get.xometry.eu (Playwright, not deployed)",XOMETRY_PARTNER_AUTH_TOKEN / XB_PARTNER_AUTH_TOKEN,active,Scanner to microns-ops Cron Trigger (TS port) or a Container (PLAN.md Q8); submit stays on Supabase,microns-ops,5,Token refresh cannot be automated (MFA); alert on 401,,audit:edge-functions-cron#63; audit:docs-secrets-services#56
EXT-resend,external-api,Resend (API + webhooks),api/emails.js; api/notifications.js; api/marketing.js:233-362; supabase/functions/send-*,Vercel Node + Supabase Edge,transactional and campaign sends; inbound events,api/emails.js; api/notifications.js; send-campaign; process-followups; send-user-email,api.resend.com (SDK); webhook to /api/marketing?action=webhook,RESEND_API_KEY; RESEND_WEBHOOK_SECRET,active,Resend stays; called from microns-site and microns-ops; Reply-To replies@rfq.micronshub.eu in Phase 4,microns-site,2,"Sending domain micronshub.eu, from info@micronshub.eu",H-15; H-16,audit:edge-functions-cron#64; audit:docs-secrets-services#38
EXT-site-self,external-api,Site self-callbacks on www and apex,"supabase/functions/tender-collector/index.ts:68; supabase/functions/send-campaign/index.ts:44-76; supabase/functions/translate-article/index.ts:1228; api/emails.js (logo.png); supabase/functions/telegram-tenders-bot/index.ts:157,220; mcp-server/src/index.ts:541,683,815,1290,1552",Vercel (Node functions + static),"edge functions, e-mails and MCP call back into the site",tender-collector; send-campaign; process-followups; translate-article; e-mails; mcp-server,"https://www.micronshub.eu and https://micronshub.eu: /api/tender-scan, /api/marketing?action=track, /api/track, /indexnow_key.txt, /logo.png, /dashboard/*, /api/scan-directory, /api/scrape-website, /api/funded-startups",none,active,"microns-site serves every path at the identical URL on www, and the apex redirect preserves path and query, before DNS moves",microns-site,3,Hard cutover gate,H-14; H-24,audit:edge-functions-cron#65; audit:critic
EXT-supabase,external-api,"Supabase project cfjrtmtaitwzggzpkhxi (REST, Auth, Storage, Functions, Postgres)",index.html:45; middleware.ts:43; api/sitemap.js:24; src/integrations/supabase/client.ts,browser; Vercel; Deno; VPS; GitHub Actions; MCP,all,everything,https://cfjrtmtaitwzggzpkhxi.supabase.co; Postgres pooler (GitHub Actions),SUPABASE_*,active,Stays (system of record); Workers use SUPABASE_* bindings; optional Hyperdrive for bulk upserts,supabase-stays,stays,"eu-central-1, Postgres 15.8.1.121 (live 2026-09-30); rate limits from the edge are a new failure mode",,audit:docs-secrets-services#37; live 2026-09-30
EXT-module-cdns,external-api,deno.land/std and esm.sh module CDNs,all supabase/functions/*/index.ts import lines,Supabase Edge (deploy / cold start),function boot,edge functions,"deno.land/std@0.190.0; esm.sh (@supabase/supabase-js, resend, pdf-lib)",none,active,Unchanged for functions that stay; ported code bundles npm packages,unchanged,stays,,,audit:edge-functions-cron#68; audit:docs-secrets-services#64
EXT-ga4-ads,external-api,Google Analytics 4 + Google Ads tags,index.html:59-84; src/utils/analytics.ts:11-15,browser,page load,every page,"www.googletagmanager.com/gtag/js (AW-17760727501, G-G6T5PMFLRH)",VITE_GOOGLE_ADS_CONVERSION_LABEL,active,Unchanged (same index.html); no Web Analytics automatic setup or HTML-rewriting features,unchanged,1,No Vercel Analytics exists (C11); public/index.html carries stale IDs but is never served,H-21,audit:docs-secrets-services#41
EXT-maps-embed,external-api,Google Maps Embed API,src/pages/Contact.tsx:300,browser iframe,contact page,Contact page,www.google.com/maps/embed/v1/place,browser key literal in source (not reproduced),active,Unchanged; the Maps Embed key must be referrer-restricted and gain the preview hostnames,unchanged,1,,H-21,audit:docs-secrets-services#42
EXT-google-fonts,external-api,Google Fonts,index.html:42-49; public/laserkritis/index.html:12-14,browser,page load,every page,fonts.googleapis.com; fonts.gstatic.com,none,active,Unchanged,unchanged,stays,,,audit:docs-secrets-services#43
EXT-tender-portals,external-api,TED and ~50 national procurement portals,"lib/connectors/{ted,germany,france,spain,netherlands,ireland,generic}.js",Vercel Node (via /api/tender-scan),tender scan,api/tender-scan.js,api.ted.europa.eu/v3; ted.europa.eu; tenderned.nl; etenders.gov.ie; boamp.fr; contrataciondelestado.es; service.bund.de; evergabe-online.de; and others (lib/connectors/generic.js:16-271),none,active,microns-ops scrapes Queue consumer; test reachability from Cloudflare egress,microns-ops,2,"Cap outbound concurrency at 6 (CF docs, verified 2026-09-27)",,audit:docs-secrets-services#52; audit:api-lib#10
EXT-europages-wlw,external-api,Europages / wlw directory pages,"api/scan-directory.js:39,106,224; api/scrape-company-profile.js:330-337; mcp-server/src/index.ts:509-530",Vercel Node; local MCP,company scanner,CompanyScannerPage; mcp-server,www.europages.* ; www.wlw.*,none,active,microns-ops fetch; Browser Rendering if blocked (Phase 4 growth agents),microns-ops,2,Anti-bot risk from Cloudflare IPs,,audit:docs-secrets-services#53
EXT-funding-rss,external-api,Funding news RSS feeds (funding_feeds table),"api/funded-startups.js:137,280,459,529-535",Vercel Node,funding scan,api/funded-startups.js,techcrunch.com; sifted.eu; eu-startups.com; tech.eu; and others stored in the DB,none,active,microns-ops scrapes Queue + Cron Trigger,microns-ops,2,,,audit:docs-secrets-services#54
EXT-apollo,external-api,Apollo.io people search,api/marketing.js:601-688,Vercel Node,apollo-enrich,ApolloEnrichment.tsx,api.apollo.io/v1/mixed_people/search,APOLLO_API_KEY / app_settings.apollo_api_key,active,microns-ops,microns-ops,2,,,audit:docs-secrets-services#55
EXT-gpteng,external-api,Lovable / GPT Engineer script,index.html:90,browser (every page),page load,every page,cdn.gpteng.co/gptengineer.js,none,active,Unchanged for parity; removal is a separate decision after cutover,unchanged,6,Marked 'DO NOT REMOVE' in index.html,H-21,audit:docs-secrets-services#59
EXT-unsplash,external-api,Unsplash hot-linked images,src/pages/content/*; src/components/about/*; src/pages/tenants/laserkritis/*,browser,page render,React pages (not SSR bodies),images.unsplash.com,none,active,Unchanged,unchanged,stays,Not present in middleware renderers,,audit:docs-secrets-services#60
EXT-laserkritis-static,external-api,LaserKritis static asset host,public/laserkritis/index.html,browser,static landing page,public/laserkritis/index.html,static.laserkritis.gr,none,active,Unchanged,unchanged,stays,,H-25,audit:docs-secrets-services#61
EXT-google-translate,external-api,Google Translate endpoint (local scripts only),scripts/translate_all_languages.js; scripts/translate_german_to_all_languages.js,local,manual,developer,translate.googleapis.com,none,active,Unchanged (not deployed),unchanged,stays,,,audit:docs-secrets-services#46
STA-robots-txt,static-file,/robots.txt,public/robots.txt,Vercel static (from public/ via the Vite build),HTTP GET,browsers; crawlers; verification bots,,,served,"Static asset, byte-identical",microns-site,1,"573 B; Sitemap line public/robots.txt:36; Disallow list omits /customer, /partner, /reset-password, /rfq-details, /impressum (pre-existing)",H-28,repo public/robots.txt; audit:frontend-routing-seo#16; audit:docs-secrets-services#71
STA-robots-ai-txt,static-file,/robots-ai.txt,public/robots-ai.txt,Vercel static (from public/ via the Vite build),HTTP GET,browsers; crawlers; verification bots,,,served (not referenced),"Static asset, byte-identical",microns-site,1,"Contains a placeholder Sitemap line (public/robots-ai.txt:99): debt, not fixed during parity",H-28,repo public/robots-ai.txt; audit:frontend-routing-seo#17
STA-indexnow-key,static-file,/indexnow_key.txt,public/indexnow_key.txt,Vercel static (from public/ via the Vite build),HTTP GET,browsers; crawlers; verification bots,,,served,Static asset at the identical path,microns-site,1,34 B; must equal INDEXNOW_KEY; referenced as keyLocation by translate-article,H-14,repo public/indexnow_key.txt; audit:frontend-routing-seo#18; audit:docs-secrets-services#71
STA-zoho-index,static-file,/zohoverify/index.html (and /zohoverify/),public/zohoverify/index.html,Vercel static (from public/ via the Vite build),HTTP GET,browsers; crawlers; verification bots,,,served,Static asset; directory-index emulation for /zohoverify/ if the baseline shows Vercel serving it (plan §7 router step 5),microns-site,1,Meta refresh to verifyforzoho.html (public/zohoverify/index.html:7); purpose undocumented (PLAN.md Q13),H-28,repo public/zohoverify/index.html; audit:frontend-routing-seo#19; audit:docs-secrets-services#58
STA-zoho-html,static-file,/zohoverify/verifyforzoho.html,public/zohoverify/verifyforzoho.html,Vercel static (from public/ via the Vite build),HTTP GET,browsers; crawlers; verification bots,,,served,Static asset at the identical path,microns-site,1,134 B,,repo public/zohoverify/verifyforzoho.html; audit:frontend-routing-seo#19; audit:docs-secrets-services#58
STA-zoho-txt,static-file,/zohoverify/verifyforzoho.txt,public/zohoverify/verifyforzoho.txt,Vercel static (from public/ via the Vite build),HTTP GET,browsers; crawlers; verification bots,,,served,Static asset at the identical path,microns-site,1,9 B,,repo public/zohoverify/verifyforzoho.txt; audit:frontend-routing-seo#19; audit:docs-secrets-services#58
STA-laserkritis,static-file,/laserkritis/index.html (and /laserkritis/),public/laserkritis/index.html,Vercel static (from public/ via the Vite build),HTTP GET,browsers; crawlers; verification bots,,,served,"Static asset until Phase 6, then delete (superseded by src/pages/tenants/laserkritis)",microns-site,6,"49,636 B standalone Greek landing page; directory-index emulation if the baseline shows /laserkritis/ served",H-25,repo public/laserkritis/index.html; audit:frontend-routing-seo#20
STA-cookie-consent,static-file,/cookie-consent.html,public/cookie-consent.html,Vercel static (from public/ via the Vite build),HTTP GET,browsers; crawlers; verification bots,,,served (unused fragment),Delete in Phase 1 (plan §8b),delete,1,The live banner is src/components/CookieConsentBanner.tsx,,repo public/cookie-consent.html; audit:frontend-routing-seo#21
STA-occt-wasm,static-file,/occt-import-js.wasm,public/occt-import-js.wasm,Vercel static (from public/ via the Vite build),HTTP GET,browsers; crawlers; verification bots,,,served,Static asset; Content-Type application/wasm; confirm the file is within the Static Assets per-file size limit at build,microns-site,1,"7,604,031 B; HEAD in the parity set",H-28,repo public/occt-import-js.wasm; audit:frontend-routing-seo#22
STA-occt-js,static-file,/occt-import-js.js,public/occt-import-js.js,Vercel static (from public/ via the Vite build),HTTP GET,browsers; crawlers; verification bots,,,served,Static asset,microns-site,1,"96,852 B",,repo public/occt-import-js.js; audit:frontend-routing-seo#22
STA-redirects-file,static-file,public/_redirects ('/* /index.html 200'),public/_redirects:1,Vercel static (from public/ via the Vite build),HTTP GET,browsers; crawlers; verification bots,,,"copied to dist/, inert on Vercel","DELETE in Phase 1 before any Cloudflare deploy (Static Assets honour _redirects: CF docs, verified 2026-09-27)",delete,1,Netlify syntax; on Workers Static Assets it would rewrite every language URL to the un-injected shell,H-3,repo public/_redirects:1; audit:frontend-routing-seo#23; audit:docs-secrets-services#73
STA-public-index-html,static-file,public/index.html (stale Lovable shell),public/index.html,Vercel static (from public/ via the Vite build),HTTP GET,browsers; crawlers; verification bots,,,never served (overwritten by the built index.html),Delete in Phase 1,delete,1,"6,073 B; stale tracking IDs and inline cookie banner",H-21,repo public/index.html; audit:frontend-routing-seo#24
STA-shell,static-file,/index.html (built shell) and SPA fallback document,index.html -> dist/index.html,Vercel static (build output),HTTP GET,browsers; crawlers; verification bots,,,served; fetched by the middleware on every SEO request,"Static asset; the Worker reads it with env.ASSETS.fetch(new URL('/index.html', url)) and fails loudly on non-2xx",microns-site,1,GSC HTML meta verification at index.html:12; Supabase preconnect index.html:45; GA/Ads tags index.html:59-84,H-4; H-8,repo index.html; audit:frontend-routing-seo#25
STA-assets,static-file,/assets/* (hashed JS/CSS bundles),dist/assets/,Vercel static (build output),HTTP GET,browsers; crawlers; verification bots,,,served,Static assets; optional _headers immutable caching,microns-site,1,"Content-Type overrides in vercel.json (HR-02, HR-03); compare dist/ file lists Vercel vs Cloudflare build (P0-7)",H-23; H-28,repo dist/assets/; audit:frontend-routing-seo#25
STA-prerendered,static-file,Prerendered dist/{lang}/**/index.html (210 files),vite.config.ts:27-50,Vercel static (build output),HTTP GET,browsers; crawlers; verification bots,,,built but shadowed by the middleware (never served),Keep built but unserved (run_worker_first: true); consider dropping the prerender in Phase 6,microns-site,1,"Serving them would change head, og:locale and remove #seo-content",H-8; H-23,repo vite.config.ts:27-50; plan §5 H-8
STA-lovable-uploads,static-file,"/lovable-uploads/* (259 files, 56 MB)",public/lovable-uploads/,Vercel static (from public/ via the Vite build),HTTP GET,browsers; crawlers; verification bots,,,served,Static assets at identical paths (R2 later is optional),microns-site,1,Default og:image (middleware/types.ts:65) and hero preload (index.html:53-57),H-28,repo public/lovable-uploads/; audit:frontend-routing-seo#26
STA-logo-png,static-file,/logo.png,public/logo.png,Vercel static (from public/ via the Vite build),HTTP GET,browsers; crawlers; verification bots,,,served,Static asset; must also resolve on the apex (e-mails embed https://micronshub.eu/logo.png),microns-site,1,"45,889 B",H-24,repo public/logo.png; audit:frontend-routing-seo#26
STA-logo2-png,static-file,/logo2.png,public/logo2.png,Vercel static (from public/ via the Vite build),HTTP GET,browsers; crawlers; verification bots,,,served,Static asset,microns-site,1,"80,740 B",,repo public/logo2.png; audit:frontend-routing-seo#26
STA-favicon,static-file,/favicon.ico,public/favicon.ico,Vercel static (from public/ via the Vite build),HTTP GET,browsers; crawlers; verification bots,,,served,Static asset,microns-site,1,,,repo public/favicon.ico; audit:frontend-routing-seo#26
STA-favicon2,static-file,/favicon2.ico,public/favicon2.ico,Vercel static (from public/ via the Vite build),HTTP GET,browsers; crawlers; verification bots,,,served,Static asset,microns-site,1,,,repo public/favicon2.ico; audit:frontend-routing-seo#26
STA-placeholder-svg,static-file,/placeholder.svg,public/placeholder.svg,Vercel static (from public/ via the Vite build),HTTP GET,browsers; crawlers; verification bots,,,served,Static asset,microns-site,1,,,repo public/placeholder.svg; audit:frontend-routing-seo#26
BKT-sb-rfq-files,storage-bucket,Supabase Storage rfq-files (public),src/components/rfq/RfqFileDownload.tsx:46-101; src/utils/fileStorage.ts:21-36; sheet-metal-service/config.py:10,"RFQ downloads read here while uploads go to S3 (split brain, C12); client code creates the bucket",upload / download,SPA; edge functions; api/s3.js; sheet-metal-service,,,"live: 3 objects, 109,470 B, public","Fix the split brain in Phase 2 (R2 microns-private rfq/<rfq_id>/…); retire reads, then remove the bucket in Phase 6",r2,2,Legacy S3 buckets stay read-only; Supabase Storage buckets unchanged until Phase 5/6 (ARCHITECTURE.md),H-17,"live 2026-09-30 (storage.buckets, storage.objects); audit:data-layer#14"
BKT-sb-quote-files,storage-bucket,Supabase Storage quote-files (public),no code reference found,"Legacy, empty",upload / download,SPA; edge functions; api/s3.js; sheet-metal-service,,,"live: 0 objects, public",Delete in Phase 6,delete,6,Legacy S3 buckets stay read-only; Supabase Storage buckets unchanged until Phase 5/6 (ARCHITECTURE.md),,"live 2026-09-30 (storage.buckets, storage.objects); audit:data-layer#14"
BKT-sb-sitemaps,storage-bucket,Supabase Storage sitemaps (public),"supabase/functions/generate-sitemap/index.ts:416-431; api/sitemap.js:25,317,342",Written daily by generate-sitemap; read by api/sitemap.js,upload / download,SPA; edge functions; api/s3.js; sheet-metal-service,,,"live: 17 objects, 6.76 MB; sitemap-complete.xml updated 2026-09-30; sitemap.xml, sitemap-index.xml and 14 sitemap-{lang}.xml last updated 2025-12-30",Stays until Phase 5; then R2 microns-private sitemaps/… served by microns-site at the identical URLs,r2,5,Legacy S3 buckets stay read-only; Supabase Storage buckets unchanged until Phase 5/6 (ARCHITECTURE.md),H-12,"live 2026-09-30 (storage.buckets, storage.objects); audit:edge-functions-cron#67; audit:data-layer#14"
BKT-sb-tenant-laserkritis,storage-bucket,Supabase Storage tenant-laserkritis (public),src/utils/tenantApi.ts:396-435 (tenant-<slug> created client-side),Tenant assets bucket per slug,upload / download,SPA; edge functions; api/s3.js; sheet-metal-service,,,"live: 0 objects, public",R2 microns-public tenants/<slug>/… (Phase 5); Supabase bucket unchanged until then,r2,5,Legacy S3 buckets stay read-only; Supabase Storage buckets unchanged until Phase 5/6 (ARCHITECTURE.md),,"live 2026-09-30 (storage.buckets, storage.objects); audit:data-layer#14"
BKT-sb-documents,storage-bucket,Supabase Storage documents (code reference only),src/utils/catalogApi.ts:232-237,material_documents.file_url would point here; material_documents has 0 rows,upload / download,SPA; edge functions; api/s3.js; sheet-metal-service,,,not present live (2026-09-30),"Create in R2 microns-private when the catalogue documents feature is used, or remove the reference (Phase 6)",r2,6,Legacy S3 buckets stay read-only; Supabase Storage buckets unchanged until Phase 5/6 (ARCHITECTURE.md),,"live 2026-09-30 (storage.buckets, storage.objects); audit:data-layer#14"
BKT-s3-rfq,storage-bucket,"AWS S3 RFQ bucket (scope rfq, eu-north-1)","api/s3.js:33-65,156-172; src/utils/rfqFileStorage.ts:23-38",RFQ CAD uploads via presigned PUT; rfq_files.file_path stores the key; sheet-metal-service downloads by presigned GET,upload / download,SPA; edge functions; api/s3.js; sheet-metal-service,,,live (not listed; AWS console not read),Read-only legacy for existing keys (PLAN.md Q11); new uploads to R2 microns-private rfq/<rfq_id>/<file_id>-<name>,r2,2,Legacy S3 buckets stay read-only; Supabase Storage buckets unchanged until Phase 5/6 (ARCHITECTURE.md),H-17,"live 2026-09-30 (storage.buckets, storage.objects); audit:python-bots-mcp-ci#21; audit:docs-secrets-services#57; audit:data-layer#13"
BKT-s3-articles,storage-bucket,AWS S3 articles bucket (scope articles),api/s3.js:36-45; src/utils/articleImageStorage.ts:25-51,Blog images; absolute URLs persisted in articles and emitted as og:image,upload / download,SPA; edge functions; api/s3.js; sheet-metal-service,,,live: 755 articles.featured_image URLs point at *.amazonaws.com (2026-09-30),Read-only legacy (URLs must keep resolving); new images to R2 microns-public articles/<yyyy>/<mm>/<slug>.<ext> behind files.micronshub.eu,r2,2,Legacy S3 buckets stay read-only; Supabase Storage buckets unchanged until Phase 5/6 (ARCHITECTURE.md),H-17,"live 2026-09-30 (storage.buckets, storage.objects); audit:docs-secrets-services#57; audit:data-layer#13"
DB-tenancy,db-table-group,"Multi-tenant (7 tables): tenants, capabilities_registry, tenant_capabilities, quote_fields_registry, tenant_quote_fields, user_tenant_roles, tenant_pages",Supabase Postgres public schema; supabase/migrations/20260407_create_multi_tenant_system.sql; 20260408_add_custom_domain_to_tenants.sql,Supabase Postgres (eu-central-1),SPA (anon/authenticated + RLS); service-role writers,see name,,,"live: 7 tables, RLS enabled on all",Supabase stays; Worker may cache tenant lookups in KV; custom_domain feeds Cloudflare for SaaS when the first custom domain appears; RLS remediation in Phase 6 (docs/security/rls-remediation-plan.md and the private note),supabase-stays,stays,"2 tenants, no custom domains (live)",H-5,live 2026-09-30 (pg_class public tables); audit:data-layer#0
DB-auth-roles,db-table-group,"Auth and roles (2 tables): user_roles, customer_profiles",Supabase Postgres public schema; supabase/migrations/20260328_user_roles_and_customer_registration.sql,Supabase Postgres (eu-central-1),SPA (anon/authenticated + RLS); service-role writers,see name,,,"live: 2 tables, RLS enabled on all",Supabase stays; Worker auth middleware verifies the Supabase JWT and reads user_roles (mirror of api/_lib/admin-auth.js); RLS remediation in Phase 6 (docs/security/rls-remediation-plan.md and the private note),supabase-stays,stays,customer rows are created by the DB trigger on_auth_user_created_customer (20260806_phase2_rls_per_user.sql:415),H-6,live 2026-09-30 (pg_class public tables); audit:data-layer#1
DB-rfq-crm,db-table-group,"RFQ and CRM (8 tables): rfqs, rfq_items, rfq_parts, rfq_part_files, rfq_files, quote_files, customers, customer_contacts","Supabase Postgres public schema; no CREATE in repo; altered by 20260330, 20260407, 20260713, 20260806 migrations",Supabase Postgres (eu-central-1),SPA (anon/authenticated + RLS); service-role writers,see name,,,"live: 8 tables, RLS enabled on all","Supabase stays; Phase 4 adds rfqs.source, rfqs.inbound_email_id, rfq_files.source/r2_key/sha256/content_type and tables inbound_emails, quote_workflows, cad_jobs; RLS remediation in Phase 6 (docs/security/rls-remediation-plan.md and the private note)",supabase-stays,stays,"rfqs 2, customers 21 (live)",H-6,live 2026-09-30 (pg_class public tables); audit:data-layer#2
DB-orders,db-table-group,"Orders and partners (5 tables): orders, order_items, products, production_partners, partner_ratings",Supabase Postgres public schema; no CREATE in repo; 20260330_add_po_number_and_order_enhancements.sql; 20260806,Supabase Postgres (eu-central-1),SPA (anon/authenticated + RLS); service-role writers,see name,,,"live: 5 tables, RLS enabled on all",Supabase stays; order transitions become Workflow steps (Phase 4); RLS remediation in Phase 6 (docs/security/rls-remediation-plan.md and the private note),supabase-stays,stays,orders 2 (live),H-6,live 2026-09-30 (pg_class public tables); audit:data-layer#3
DB-inventory,db-table-group,"Inventory and nesting (8 tables): materials, stock_items, nesting_sessions, nesting_session_jobs, nesting_session_sheets, stock_transactions, low_stock_alerts, inventory_settings",Supabase Postgres public schema; supabase/migrations/20260401_create_inventory_system.sql:33-312,Supabase Postgres (eu-central-1),SPA (anon/authenticated + RLS); service-role writers,see name,,,"live: 8 tables, RLS enabled on all",Supabase stays; Phase 4 MaterialStock DO writes stock_reservations + stock_transactions; RLS remediation in Phase 6 (docs/security/rls-remediation-plan.md and the private note),supabase-stays,stays,all empty today (live),H-6,live 2026-09-30 (pg_class public tables); audit:data-layer#4
DB-catalogue,db-table-group,"Material catalogue (4 tables): material_categories, catalog_materials, material_documents, catalog_stock_log","Supabase Postgres public schema; src/sql/20260406_create_material_catalog.sql (applied manually, not in supabase/migrations)",Supabase Postgres (eu-central-1),SPA (anon/authenticated + RLS); service-role writers,see name,,,"live: 4 tables, RLS enabled on all",Supabase stays; documents bucket to R2 when used; RLS remediation in Phase 6 (docs/security/rls-remediation-plan.md and the private note),supabase-stays,stays,second material model parallel to inventory.materials,H-6,live 2026-09-30 (pg_class public tables); audit:data-layer#5
DB-content,db-table-group,"SEO content and article pipeline (7 tables): articles, article_titles, article_generation_queue, article_generation_logs, silo_categories, content_pages, service_pages",Supabase Postgres public schema; 20241202_create_articles_table.sql; 20250120_create_autoblog_tables.sql; 20250103_create_article_queue_system.sql; content_pages/service_pages have no CREATE in repo,Supabase Postgres (eu-central-1),SPA (anon/authenticated + RLS); service-role writers,see name,,,"live: 7 tables, RLS enabled on all",Supabase stays; SEO handler reads service_pages/content_pages/articles via REST with KV cache; pg_cron chain replaced by the content-daily Workflow (Phase 5); RLS remediation in Phase 6 (docs/security/rls-remediation-plan.md and the private note),supabase-stays,stays,"articles 2,344; service_pages 98; content_pages 126 (live)",H-6; H-19,live 2026-09-30 (pg_class public tables); audit:data-layer#6
DB-marketing,db-table-group,"E-mail marketing and inbox (9 tables): marketing_subscribers, marketing_campaigns, marketing_analytics, marketing_events, marketing_settings, marketing_sender_accounts, marketing_campaign_recipients, marketing_templates, user_emails",Supabase Postgres public schema; 20250106_create_email_marketing_schema.sql; 20260316_enhance_email_marketing.sql; 20250115_create_user_emails_table.sql,Supabase Postgres (eu-central-1),SPA (anon/authenticated + RLS); service-role writers,see name,,,"live: 9 tables, RLS enabled on all",Supabase stays; outbound-mail Queue and SenderLimiter DO (Phase 5); Realtime on marketing_campaigns and user_emails unchanged; RLS remediation in Phase 6 (docs/security/rls-remediation-plan.md and the private note),supabase-stays,stays,2 google_workspace sender accounts (live),H-14,live 2026-09-30 (pg_class public tables); audit:data-layer#7; audit:docs-secrets-services#36
DB-leads,db-table-group,"Lead monitor (5 tables): leads, monitored_subreddits, lead_keywords, lead_notifications, lead_activity",Supabase Postgres public schema; 20260321_create_lead_monitor.sql; 20260326_fix_*; 20260327_fix_leads_schema_and_keywords.sql,Supabase Postgres (eu-central-1),SPA (anon/authenticated + RLS); service-role writers,see name,,,"live: 5 tables, RLS enabled on all",Supabase stays; collectors move to Cron Triggers (Phase 5); RLS remediation in Phase 6 (docs/security/rls-remediation-plan.md and the private note),supabase-stays,stays,leads 700 (live),H-6,live 2026-09-30 (pg_class public tables); audit:data-layer#8
DB-scanners,db-table-group,"Company, funding and tender scanners (9 tables): company_leads, saved_searches, scan_logs, funded_startups, funding_feeds, funding_scan_logs, tenders, tender_connectors, tender_scan_logs",Supabase Postgres public schema; 20260322_create_company_directory_scanner.sql; 20260322_create_funded_startup_scanner.sql; 20260322_create_tender_monitor.sql,Supabase Postgres (eu-central-1),SPA (anon/authenticated + RLS); service-role writers,see name,,,"live: 9 tables, RLS enabled on all",Supabase stays; scanners move to microns-ops Queues; RLS remediation in Phase 6 (docs/security/rls-remediation-plan.md and the private note),supabase-stays,stays,26 tender connectors seeded,H-6,live 2026-09-30 (pg_class public tables); audit:data-layer#9
DB-gsc,db-table-group,"Google Search Console dashboard (5 tables): gsc_config, gsc_indexing_log, gsc_inspection_cache, gsc_monitored_urls, gsc_index_log",Supabase Postgres public schema; 20260411_gsc_dashboard.sql; 20260412_gsc_submission_view.sql,Supabase Postgres (eu-central-1),SPA (anon/authenticated + RLS); service-role writers,see name,,,"live: 5 tables, RLS enabled on all",Supabase stays; /api/gsc moves to microns-ops; RLS remediation in Phase 6 (docs/security/rls-remediation-plan.md and the private note),supabase-stays,stays,"gsc_monitored_urls 2,456 (live); gsc_index_log exists live with no repo reference",,live 2026-09-30 (pg_class public tables); audit:data-layer#10; audit:docs-secrets-services#35
DB-settings,db-table-group,"Settings and logs (2 tables): app_settings, logs",Supabase Postgres public schema; 20260323_create_app_settings.sql; logs has no CREATE in repo,Supabase Postgres (eu-central-1),SPA (anon/authenticated + RLS); service-role writers,see name,,,"live: 2 tables, RLS enabled on all","Supabase stays; feature flags go to a new feature_flags table mirrored to KV FLAGS (Phase 4), not app_settings; RLS remediation in Phase 6 (docs/security/rls-remediation-plan.md and the private note)",supabase-stays,stays,"impressum_settings (20260311 migration, used by src/pages/ImpressumPage.tsx) is NOT present live",,live 2026-09-30 (pg_class public tables); audit:data-layer#11
DB-xometry,db-table-group,Xometry offer queue (1 tables): xometry_offers,Supabase Postgres public schema; xometry-bot/schema.sql (applied out of band),Supabase Postgres (eu-central-1),SPA (anon/authenticated + RLS); service-role writers,see name,,,"live: 1 tables, RLS enabled on all",Supabase stays; optional Hyperdrive for upserts if the scanner is ported; RLS remediation in Phase 6 (docs/security/rls-remediation-plan.md and the private note),supabase-stays,stays,0 rows (live),,live 2026-09-30 (pg_class public tables); audit:data-layer#12; audit:python-bots-mcp-ci#8
DNS-NS-1,dns-record,micronshub.eu NS dns1.papaki.gr,DNS (DoH via cloudflare-dns.com); zone hosted at Papaki (dns1/dns2.papaki.gr),authoritative at Papaki,DNS resolution,resolvers,,,live 2026-09-30,Change at the registry to the Cloudflare-assigned nameservers (after DS removal and DS TTL wait),cloudflare-dns,3,"Correction C9: the zone is at Papaki, not Vercel DNS; the import must preserve every record below",,live 2026-09-30 (dns_2026-09-30.txt)
DNS-NS-2,dns-record,micronshub.eu NS dns2.papaki.gr,DNS (DoH via cloudflare-dns.com); zone hosted at Papaki (dns1/dns2.papaki.gr),authoritative at Papaki,DNS resolution,resolvers,,,live 2026-09-30,As DNS-NS-1,cloudflare-dns,3,,,live 2026-09-30 (dns_2026-09-30.txt)
DNS-SOA,dns-record,micronshub.eu SOA dns1.papaki.gr support.papaki.gr serial 2026040806 (10800 3600 1209600 3600),DNS (DoH via cloudflare-dns.com); zone hosted at Papaki (dns1/dns2.papaki.gr),authoritative at Papaki,DNS resolution,resolvers,,,live 2026-09-30,Replaced by the Cloudflare SOA,cloudflare-dns,3,Re-dump the Papaki zone file before the move (P0-4),,live 2026-09-30 (dns_2026-09-30.txt)
DNS-A-apex,dns-record,micronshub.eu A 216.198.79.1 (Vercel); no AAAA,DNS (DoH via cloudflare-dns.com); zone hosted at Papaki (dns1/dns2.papaki.gr),authoritative at Papaki,DNS resolution,resolvers,,,live 2026-09-30,Import DNS-only; at cutover proxied + Single Redirect Rule to https://www.micronshub.eu${path}${query} with the baseline status,cloudflare-dns,3,Rollback: record flip back to Vercel (TTL 300 s during the window),H-11; H-24,live 2026-09-30 (dns_2026-09-30.txt)
DNS-CNAME-www,dns-record,"www CNAME 3096eb4eb748a48f.vercel-dns-017.com (A 64.29.17.65, 216.198.79.65)",DNS (DoH via cloudflare-dns.com); zone hosted at Papaki (dns1/dns2.papaki.gr),authoritative at Papaki,DNS resolution,resolvers,,,live 2026-09-30,Import DNS-only; at cutover a proxied placeholder record + Workers Route www.micronshub.eu/* to microns-site (not a Custom Domain),cloudflare-dns,3,Rollback = record flip,H-24,live 2026-09-30 (dns_2026-09-30.txt)
DNS-CNAME-wildcard,dns-record,"* CNAME cname.vercel-dns.com (answers laserkritis., rfq., _vercel. and any unassigned label)",DNS (DoH via cloudflare-dns.com); zone hosted at Papaki (dns1/dns2.papaki.gr),authoritative at Papaki,DNS resolution,resolvers,,,live 2026-09-30,"Import DNS-only; at cutover proxied wildcard + Workers Route *.micronshub.eu/* (Universal SSL covers first-level subdomains: CF docs, verified 2026-09-27)",cloudflare-dns,3,rfq. stops matching the wildcard once Email Routing adds explicit records (Phase 4),H-13,live 2026-09-30 (dns_2026-09-30.txt)
DNS-MX-1,dns-record,micronshub.eu MX 1 aspmx.l.google.com,DNS (DoH via cloudflare-dns.com); zone hosted at Papaki (dns1/dns2.papaki.gr),authoritative at Papaki,DNS resolution,resolvers,,,live 2026-09-30,"Copy as-is, DNS-only; never touched",cloudflare-dns,3,Google Workspace inbound; docs/operations/EMAIL_SETUP.md documents a different (Resend/SES) MX that is not live,H-16,live 2026-09-30 (dns_2026-09-30.txt); audit:docs-secrets-services#67
DNS-MX-2,dns-record,micronshub.eu MX 5 alt1.aspmx.l.google.com,DNS (DoH via cloudflare-dns.com); zone hosted at Papaki (dns1/dns2.papaki.gr),authoritative at Papaki,DNS resolution,resolvers,,,live 2026-09-30,Copy as-is,cloudflare-dns,3,,,live 2026-09-30 (dns_2026-09-30.txt)
DNS-MX-3,dns-record,micronshub.eu MX 5 alt2.aspmx.l.google.com,DNS (DoH via cloudflare-dns.com); zone hosted at Papaki (dns1/dns2.papaki.gr),authoritative at Papaki,DNS resolution,resolvers,,,live 2026-09-30,Copy as-is,cloudflare-dns,3,,,live 2026-09-30 (dns_2026-09-30.txt)
DNS-MX-4,dns-record,micronshub.eu MX 10 alt3.aspmx.l.google.com,DNS (DoH via cloudflare-dns.com); zone hosted at Papaki (dns1/dns2.papaki.gr),authoritative at Papaki,DNS resolution,resolvers,,,live 2026-09-30,Copy as-is,cloudflare-dns,3,,,live 2026-09-30 (dns_2026-09-30.txt)
DNS-MX-5,dns-record,micronshub.eu MX 10 alt4.aspmx.l.google.com,DNS (DoH via cloudflare-dns.com); zone hosted at Papaki (dns1/dns2.papaki.gr),authoritative at Papaki,DNS resolution,resolvers,,,live 2026-09-30,Copy as-is,cloudflare-dns,3,,,live 2026-09-30 (dns_2026-09-30.txt)
DNS-TXT-spf,dns-record,micronshub.eu TXT v=spf1 include:_spf.google.com ~all,DNS (DoH via cloudflare-dns.com); zone hosted at Papaki (dns1/dns2.papaki.gr),authoritative at Papaki,DNS resolution,resolvers,,,live 2026-09-30,Copy as-is; deliverability review (no Resend include) is a separate decision,cloudflare-dns,3,,H-16,live 2026-09-30 (dns_2026-09-30.txt); audit:docs-secrets-services#68
DNS-TXT-gsc,dns-record,micronshub.eu TXT google-site-verification=… (GSC domain property),DNS (DoH via cloudflare-dns.com); zone hosted at Papaki (dns1/dns2.papaki.gr),authoritative at Papaki,DNS resolution,resolvers,,,live 2026-09-30,Copy as-is before the NS move; verify GSC still verified after,cloudflare-dns,3,Value in the zone file; also HTML meta at index.html:12,,live 2026-09-30 (dns_2026-09-30.txt); audit:docs-secrets-services#70
DNS-TXT-dmarc,dns-record,_dmarc TXT v=DMARC1; p=none; rua=mailto:info@micronshub.eu,DNS (DoH via cloudflare-dns.com); zone hosted at Papaki (dns1/dns2.papaki.gr),authoritative at Papaki,DNS resolution,resolvers,,,live 2026-09-30,Copy as-is,cloudflare-dns,3,,H-16,live 2026-09-30 (dns_2026-09-30.txt)
DNS-TXT-dkim-resend,dns-record,resend._domainkey TXT p=… (Resend DKIM public key),DNS (DoH via cloudflare-dns.com); zone hosted at Papaki (dns1/dns2.papaki.gr),authoritative at Papaki,DNS resolution,resolvers,,,live 2026-09-30,Copy as-is; verify Resend domain status after the move,cloudflare-dns,3,Live is a TXT record (docs say CNAME),H-16,live 2026-09-30 (dns_2026-09-30.txt); audit:docs-secrets-services#69
DNS-TXT-dkim-google,dns-record,google._domainkey TXT v=DKIM1; k=rsa; p=… (Workspace DKIM),DNS (DoH via cloudflare-dns.com); zone hosted at Papaki (dns1/dns2.papaki.gr),authoritative at Papaki,DNS resolution,resolvers,,,live 2026-09-30,Copy as-is,cloudflare-dns,3,,H-16,live 2026-09-30 (dns_2026-09-30.txt)
DNS-TXT-send-spf,dns-record,send.micronshub.eu TXT v=spf1 include:amazonses.com ~all (no MX answer),DNS (DoH via cloudflare-dns.com); zone hosted at Papaki (dns1/dns2.papaki.gr),authoritative at Papaki,DNS resolution,resolvers,,,live 2026-09-30,Copy as-is; check the Resend return-path MX in Resend's dashboard during Phase 3,cloudflare-dns,3,Resend return path normally also needs an MX record,H-16,live 2026-09-30 (dns_2026-09-30.txt)
DNS-DS,dns-record,micronshub.eu DS 14800 8 2 8fdb7923…1bce (at the .eu registry),DNS (DoH via cloudflare-dns.com); zone hosted at Papaki (dns1/dns2.papaki.gr),authoritative at Papaki,DNS resolution,resolvers,,,live 2026-09-30,Remove at Papaki about 3 days before the NS move; re-add the Cloudflare DS after the zone is active,cloudflare-dns,3,Correction C9; PLAN.md Q7; pre-flight P0-9,,live 2026-09-30 (dns_2026-09-30.txt)
DNS-DNSKEY-1,dns-record,"micronshub.eu DNSKEY 256 3 8 AwEAAZwO… (ZSK, Papaki-signed)",DNS (DoH via cloudflare-dns.com); zone hosted at Papaki (dns1/dns2.papaki.gr),authoritative at Papaki,DNS resolution,resolvers,,,live 2026-09-30,Disappears with the Papaki zone; Cloudflare signs after DNSSEC is re-enabled,cloudflare-dns,3,,,live 2026-09-30 (dns_2026-09-30.txt)
DNS-DNSKEY-2,dns-record,"micronshub.eu DNSKEY 256 3 8 AwEAAbVO… (ZSK, Papaki-signed)",DNS (DoH via cloudflare-dns.com); zone hosted at Papaki (dns1/dns2.papaki.gr),authoritative at Papaki,DNS resolution,resolvers,,,live 2026-09-30,As DNS-DNSKEY-1,cloudflare-dns,3,,,live 2026-09-30 (dns_2026-09-30.txt)
DNS-DNSKEY-3,dns-record,"micronshub.eu DNSKEY 257 3 8 AwEAAad2… (KSK, Papaki-signed)",DNS (DoH via cloudflare-dns.com); zone hosted at Papaki (dns1/dns2.papaki.gr),authoritative at Papaki,DNS resolution,resolvers,,,live 2026-09-30,As DNS-DNSKEY-1,cloudflare-dns,3,,,live 2026-09-30 (dns_2026-09-30.txt)
DNS-CAA,dns-record,micronshub.eu CAA (none),DNS (DoH via cloudflare-dns.com); zone hosted at Papaki (dns1/dns2.papaki.gr),authoritative at Papaki,DNS resolution,resolvers,,,live 2026-09-30,"Keep none, or add CAA records that allow the certificate authorities Cloudflare uses; decide in Phase 3",cloudflare-dns,3,"No CAA today, so certificate issuance is unrestricted",,live 2026-09-30 (dns_2026-09-30.txt)
DNS-LKGR-CNAME,dns-record,www.laserkritis.gr CNAME laserkritis.gr (other zone),DNS (DoH via cloudflare-dns.com); zone hosted at grserver.gr,authoritative at grserver.gr,DNS resolution,resolvers,,,live 2026-09-30,Unchanged (not in this zone),unchanged,stays,Context only: tenant website on its own host,H-25,live 2026-09-30 (dns_2026-09-30.txt)
DNS-LKGR-A,dns-record,laserkritis.gr A 46.4.122.205 (other zone),DNS (DoH via cloudflare-dns.com); zone hosted at grserver.gr,authoritative at grserver.gr,DNS resolution,resolvers,,,live 2026-09-30,Unchanged,unchanged,stays,,H-25,live 2026-09-30 (dns_2026-09-30.txt)
DNS-LKGR-NS-1,dns-record,laserkritis.gr NS ns365.grserver.gr (other zone),DNS (DoH via cloudflare-dns.com); zone hosted at grserver.gr,authoritative at grserver.gr,DNS resolution,resolvers,,,live 2026-09-30,Unchanged,unchanged,stays,,,live 2026-09-30 (dns_2026-09-30.txt)
DNS-LKGR-NS-2,dns-record,laserkritis.gr NS ns366.grserver.gr (other zone),DNS (DoH via cloudflare-dns.com); zone hosted at grserver.gr,authoritative at grserver.gr,DNS resolution,resolvers,,,live 2026-09-30,Unchanged,unchanged,stays,,,live 2026-09-30 (dns_2026-09-30.txt)
DOM-www,domain,www.micronshub.eu,Vercel project domains / DNS,Vercel project domain (primary),HTTP(S) / DNS,browsers; crawlers; e-mail clients,,,active (primary),Workers Route www.micronshub.eu/* to microns-site on a proxied placeholder record; rollback = record flip,microns-site,3,Canonical host for all SEO output; HTTPS/HSTS behaviour captured in the baseline,H-1; H-24,"live 2026-09-30 (Vercel project domains, DNS); audit:docs-secrets-services#65"
DOM-apex,domain,micronshub.eu,Vercel project domains / DNS,Vercel domain redirect to www (redirectStatusCode null: status to be read from the baseline),HTTP(S) / DNS,browsers; crawlers; e-mail clients,,,active (redirect),Single Redirect Rule to https://www.micronshub.eu${path}${query} with the status seen in the baseline,cloudflare-zone,3,"E-mails embed apex URLs (tracking, /logo.png) and TRACKING_DOMAIN defaults to the apex; path and query must be preserved",H-11; H-24,"live 2026-09-30 (Vercel project domains, DNS); audit:docs-secrets-services#65"
DOM-wildcard,domain,*.micronshub.eu,Vercel project domains / DNS,"Vercel project wildcard domain (verified, added 2026-04-08) + wildcard certificate",HTTP(S) / DNS,browsers; crawlers; e-mail clients,,,active,"Proxied wildcard record + Workers Route *.micronshub.eu/* to microns-site; more specific routes win (Workers Custom Domains do not support wildcards: CF docs, verified 2026-09-27)",microns-site,3,Serves tenant subdomains; also catches rfq. and _vercel.,H-13,"live 2026-09-30 (Vercel project domains, DNS); audit:docs-secrets-services#66"
DOM-laserkritis-sub,domain,laserkritis.micronshub.eu,Vercel project domains / DNS,Vercel via the wildcard (valid wildcard certificate),HTTP(S) / DNS,browsers; crawlers; e-mail clients,,,active,Wildcard route on microns-site,microns-site,3,Tenant subdomain; middleware injects Microns SEO body (PLAN.md Q9),H-13,"live 2026-09-30 (Vercel project domains, DNS)"
DOM-vercel-app,domain,on-demand-craft-greece.vercel.app,Vercel project domains / DNS,Vercel project default domain (serves the same site),HTTP(S) / DNS,browsers; crawlers; e-mail clients,,,active (duplicate host),Irrelevant after cutover; must not be linked; removed with the Vercel project in Phase 6,delete,6,,,"live 2026-09-30 (Vercel project domains, DNS)"
DOM-rfq,domain,rfq.micronshub.eu,Vercel project domains / DNS,caught by the wildcard CNAME (Vercel),HTTP(S) / DNS,browsers; crawlers; e-mail clients,,,no dedicated record,Email Routing subdomain (MX/TXT added by Cloudflare) with addresses rfq@ and replies@ to microns-mail,microns-mail,4,PLAN.md Q3; needs the zone on Cloudflare first (Phase 3),,"live 2026-09-30 (Vercel project domains, DNS)"
DOM-laserkritis-gr,domain,www.laserkritis.gr,Vercel project domains / DNS,"nginx on its own host (46.4.122.205), not Vercel",HTTP(S) / DNS,browsers; crawlers; e-mail clients,,,active (outside this project),Unchanged; moving it onto the tenant system is PLAN.md Q17,unchanged,stays,tenants.custom_domain is NULL for laserkritis (live),H-25,"live 2026-09-30 (Vercel project domains, DNS)"
DOM-microns-hub-com,domain,microns-hub.com,DNS / repo references,referenced as terms URL in generated PDFs,HTTP(S) / DNS,browsers; crawlers; e-mail clients,,,unknown ownership,Owner decision (PLAN.md Q13),owner-decision,stays,src/pages/RfqDetails.tsx:1097; src/pages/OrderDetailsPage.tsx:786; src/pages/dashboard/OrdersPage.tsx:422,,"live 2026-09-30 (Vercel project domains, DNS)"
CI-auto-merge-claude,ci-workflow,.github/workflows/auto-merge-claude.yml,.github/workflows/auto-merge-claude.yml:3-30,GitHub Actions (ubuntu-latest),push to claude/** (auto-merge-claude.yml:4-6),any push to a claude/** branch,,GITHUB_TOKEN (contents: write),active,Gate in pre-flight P0-1 (branch allow-list) with branch protection on main; delete in Phase 6,delete,0,"Merges into main with --ff-only, else -X theirs, then pushes; Vercel deploys main, so any code push here is a production deploy (PLAN.md Q10, Q12)",H-2,repo .github/workflows/auto-merge-claude.yml; audit:python-bots-mcp-ci#16
CI-xometry-scan,ci-workflow,.github/workflows/xometry-scan.yml,.github/workflows/xometry-scan.yml:17-69,GitHub Actions (Python 3.11),"cron 0 6,8,10,12,14,16,18 * * * (UTC, xometry-scan.yml:21) + workflow_dispatch",schedule,api.xometry.eu/partners/graphql; Supabase Postgres pooler,XB_DB_DSN; XB_PARTNER_AUTH_TOKEN; XB_PARTNER_COOKIE; vars.XB_BORDERLINE_EXCLUDE,active (skips when secrets are unset),"Cron Trigger in microns-ops at the same 7 hours: TypeScript port (recommended) or the Python image in a Container (PLAN.md Q8); disable, do not delete, the workflow at Phase 5",microns-ops,5,Never submits to Xometry; concurrency group xometry-scan (lock needed on Workers: DO or KV); alert on 401 instead of silent failure,,repo .github/workflows/xometry-scan.yml; audit:python-bots-mcp-ci#5
SVC-vercel-project,service,"Vercel project (team dimitrisvards-projects, Hobby plan)",vercel.json; middleware.ts; api/,Vercel,git push to main (Git integration),see name,,,active,Kept deployable and DNS-switchable until Phase 6; then paused for 30 days and decommissioned,delete,6,12-function Hobby limit pins the api/ count (C1); Attack Challenge Mode or datacenter challenge blocks non-browser probes (429),H-1; H-24,"repo; audit (api-lib, python-bots-mcp-ci, data-layer, critic); live 2026-09-30"
SVC-middleware,service,"SEO engine: middleware.ts + middleware/* (i18n, inject, meta, schema, services, slugs, types, renderers/*)",middleware.ts (687 lines); middleware/,Vercel Routing Middleware,every /{lang} and /{lang}/* request,see name,,,active,"Ported to the microns-site SEO handler; middleware/* modules imported unchanged, orchestrator copied; caches: in-isolate Map + KV SEO_CACHE 1 h / 30 s negative",microns-site,1,"Response headers: Content-Type text/html; charset=utf-8, Cache-Control public, max-age=0, must-revalidate, X-Seo-Source db|i18n|none (middleware.ts:670-677); hard-coded Supabase URL middleware.ts:43; #seo-content injected before #root without the hidden attribute",H-4; H-8; H-9; H-10; H-13; H-20; H-27,"repo; audit (api-lib, python-bots-mcp-ci, data-layer, critic); live 2026-09-30"
SVC-admin-auth,service,api/_lib/admin-auth.js (Supabase JWT + staff-role check),api/_lib/admin-auth.js:18-66,Vercel (imported by api/gsc.js),per /api/gsc request,see name,,,active,Basis of the Worker auth middleware (new file workers/site/src/auth/supabase-jwt.ts) applied to all write paths in Phase 2,microns-ops,2,"Roles admin, sales_rep, production_manager, accountant",H-6,"repo; audit (api-lib, python-bots-mcp-ci, data-layer, critic); live 2026-09-30"
SVC-gsc-client,service,api/_lib/gsc-client.js (Google OAuth + service-account signing),api/_lib/gsc-client.js,Vercel (imported by api/gsc.js),per /api/gsc request,see name,,,active,microns-ops; replace crypto.createSign with WebCrypto RSASSA-PKCS1-v1_5 or rely on nodejs_compat,microns-ops,2,Module-scope caches of the gsc_config row and tokens never invalidate; uses Buffer,H-20,"repo; audit (api-lib, python-bots-mcp-ci, data-layer, critic); live 2026-09-30"
SVC-lib-nesting,service,lib/nesting/* (2D nesting engine),lib/nesting/,Vercel (imported by api/notifications.js action=nest),action=nest,see name,,,active,Container or DO with raised cpu_ms behind microns-ops (decide in Phase 2),microns-ops,2,"CPU-bound (50 s budget, ClipperLib, makerjs, dxf-parser); tests/nest.test.js never runs",H-18,repo; live 2026-09-30; audit:api-lib#16
SVC-lib-inventory,service,"lib/inventory/* (inventory, sessions, QR labels, cron batch)",lib/inventory/,Vercel (imported by api/notifications.js inv-*),inv-* actions,see name,,,active,microns-site (CRUD); qrcode/pngjs dependency check under nodejs_compat,microns-site,2,Reads SUPABASE_* at module scope in 4 files,H-20,repo; live 2026-09-30; audit:api-lib#17
SVC-lib-connectors,service,"lib/connectors/*, lib/scoring.js, lib/keywords.js, lib/cpv-codes.js, lib/utils.js",lib/,Vercel (imported only by api/tender-scan.js),tender scan,see name,,,active,Bundled unchanged into the microns-ops scrapes Queue consumer,microns-ops,2,Pure fetch + regex; retries default 2,,repo; live 2026-09-30; audit:api-lib#15
SVC-dev-server,service,scripts/dev-server.js (Express + Vite dev shim),scripts/dev-server.js,local dev only,npm run dev:server,see name,,,local,Replaced by wrangler dev; deleted in Phase 6,delete,6,Mounts only 2 of 12 handlers plus dev-only routes,,repo; live 2026-09-30; audit:api-lib#13
SVC-sheet-metal-service,service,sheet-metal-service (FastAPI + CadQuery/OCP),"sheet-metal-service/ (Dockerfile, main.py, config.py)","Docker on a VPS (host, spec and cost not recorded; PLAN.md Q2)",POST /flat-pattern from two edge functions,see name,,,running (VPS),microns-cad Container app behind the CadRouter DO in microns-ops; shared secret and hard wall-clock; async Queue -> R2 -> Supabase interface later,microns-cad,5,Single synchronous uvicorn worker (concurrency 1 per instance); PROCESSING_TIMEOUT defined but never enforced (sheet-metal-service/config.py:37); download-only (C17),,repo; live 2026-09-30; audit:python-bots-mcp-ci#0; audit:edge-functions-cron#66
SVC-freecad-unfold,service,scripts/freecad-unfold (legacy FreeCAD + Xvfb service),scripts/freecad-unfold/,not deployed,none,see name,,,not deployed,Delete in Phase 6,delete,6,Replaced per sheet-metal-service/DIAGNOSIS.md,,repo; live 2026-09-30; audit:python-bots-mcp-ci#2
SVC-xometry-review-box,service,"xometry-bot review API + Playwright phases (buyer_pricer, partner_form)",xometry-bot/xometry_bot/review_api.py,not deployed (binds 127.0.0.1:8077 when run),manual,see name,,,not deployed,Keep undeployed; not portable to Browser Rendering (persistent headed MFA login); Phase-2 pricing is PLAN.md Q8,unchanged,stays,,,repo; live 2026-09-30; audit:python-bots-mcp-ci#6
SVC-xometry-dashboard,service,xometry-bot/dashboard (portable Next.js variant),xometry-bot/dashboard/,not deployed (kept for reference; the SPA page /dashboard/xometry is live),none,see name,,,not deployed,Unchanged (reference only),unchanged,stays,Reads NEXT_PUBLIC_SUPABASE_URL / XOMETRY_REVIEW_API_* if ever deployed,,"repo; audit (api-lib, python-bots-mcp-ci, data-layer, critic); live 2026-09-30"
SVC-mcp-server,service,"mcp-server (micronshub-leads, stdio; 39 tools, 3 resources, 2 prompts)","mcp-server/src/index.ts (1,947 lines)",local laptop under Claude Desktop,MCP client over stdio,see name,,,local,"Stays local; remote MCP on mcp.micronshub.eu (MicronsMcp DO in microns-ops, Access + OAuth) in Phase 4",microns-ops,4,Calls /api/scan-directory and /api/scrape-website on www and /api/tender-scan and /api/funded-startups on the apex (C7),H-14,repo; live 2026-09-30; audit:python-bots-mcp-ci#10; audit:python-bots-mcp-ci#11
SVC-supabase-auth,service,"Supabase Auth (Site URL, redirect allowlist, e-mail templates)","Supabase dashboard (not in repo); src/contexts/AuthContext.tsx:76,219-236",Supabase,"sign-up, sign-in, password reset",see name,,,active (configuration unread),Stays; add the Cloudflare preview host to the redirect allowlist and keep https://www.micronshub.eu (P0-6),supabase-stays,0,Configuration not captured (PLAN.md Q16); public sign-up policy is PLAN.md Q19,H-22,"repo; audit (api-lib, python-bots-mcp-ci, data-layer, critic); live 2026-09-30"
SVC-supabase-realtime,service,"Supabase Realtime (marketing_campaigns UPDATE, user_emails)",src/components/dashboard/marketing/CampaignProgress.tsx:41-63; src/pages/dashboard/EmailInbox.tsx:76-86,Supabase,browser websocket,see name,,,"active (publication supabase_realtime = marketing_campaigns, user_emails)",Stays,supabase-stays,stays,Publication membership is dashboard-managed (C20),,repo; live 2026-09-30; audit:data-layer#15
SVC-google-workspace,service,"Google Workspace (apex MX, 2 sender accounts)",DNS MX; marketing_sender_accounts,Google,inbound mail; Gmail API sends,see name,,,active,Unchanged; apex MX never touched; Gmail reply poller for the 2 sender accounts in Phase 4,unchanged,stays,,H-16,"repo; audit (api-lib, python-bots-mcp-ci, data-layer, critic); live 2026-09-30"
SVC-seo-tests,service,"SEO test harness: scripts/verify-ssr.sh, tests/middleware/smoke.mjs, tests/e2e/*.spec.ts, scripts/verify-en-services.sh",scripts/verify-ssr.sh; tests/middleware/smoke.mjs; tests/e2e/; playwright.config.ts:8,local / manual against production,manual,see name,,,active,"Extended in Phase 1: two hosts, Access service-token headers; new file scripts/seo-parity.mjs",microns-site,1,seo.spec.ts is 7 shallow checks on /en,H-28,"repo; audit (api-lib, python-bots-mcp-ci, data-layer, critic); live 2026-09-30"
SVC-script-offer-pdf,service,scripts/generate_offer_pdf.py,scripts/generate_offer_pdf.py,local one-off,manual,see name,,,local,Unchanged (reference),unchanged,stays,Hard-coded local paths,,repo; live 2026-09-30; audit:python-bots-mcp-ci#19
SVC-script-google-token,service,scripts/get-google-refresh-token.ts,scripts/get-google-refresh-token.ts,local one-off,manual,see name,,,local,Unchanged,unchanged,stays,Used to seed gsc_config,,repo; live 2026-09-30; audit:python-bots-mcp-ci#20
SVC-script-seed-gsc,service,scripts/seed-gsc-monitored-urls.ts,scripts/seed-gsc-monitored-urls.ts,local one-off,manual,see name,,,local,Unchanged,unchanged,stays,Uses SUPABASE_SERVICE_ROLE_KEY / SUPABASE_SERVICE_KEY,H-7,"repo; audit (api-lib, python-bots-mcp-ci, data-layer, critic); live 2026-09-30"
CFG-middleware-matcher,config-rule,Middleware matcher /(14 langs) and /(14 langs)/(.*),middleware.ts:682-687,Vercel Routing Middleware,build / request / dashboard,n/a,,,active,"ASSETS run_worker_first: true (the Worker routes every request, like Vercel)",microns-site,1,Worker must answer before the prerendered files,H-8,repo; audit:frontend-routing-seo#63
CFG-vite-denylist,config-rule,Vite CLIENT_SECRET_DENYLIST and client env filter,vite.config.ts:67-85,Vite build,build / request / dashboard,n/a,,,active,Keep verbatim in the Cloudflare build (Workers Builds or CI) with the same VITE_ variables,microns-site,1,Denylists 4 AWS key names and VITE_ADMIN_PASSWORD_UPDATE_SECRET (C2),,repo; audit:frontend-routing-seo#65
CFG-vite-prerender,config-rule,"Prerender plugin (210 routes, jsdom, renderAfterTime 5000, production only, skipped silently on failure)","vite.config.ts:27-50, 86-108",Vite build,build / request / dashboard,n/a,,,active,Keep for now (output never served); consider dropping in Phase 6,microns-site,6,PLAN.md Q15 asks whether the production build runs it,H-8; H-23,"repo; audit (frontend-routing-seo, docs-secrets-services, python-bots-mcp-ci, critic)"
CFG-build-toolchain,config-rule,Package manager and Node version (bun.lockb and package-lock.json both committed; no engines/.nvmrc; Vercel Node 22.x),package.json; bun.lockb; package-lock.json,Vercel build,build / request / dashboard,n/a,,,active,Pin package manager and Node (P0-7); compare dist/ file lists Vercel vs Cloudflare build,microns-site,0,PLAN.md Q15,H-23,"repo; audit (frontend-routing-seo, docs-secrets-services, python-bots-mcp-ci, critic)"
CFG-tsconfig-middleware,config-rule,tsconfig.middleware.json (type-check only),tsconfig.middleware.json:1-19,tsc (noEmit),build / request / dashboard,n/a,,,active,Reuse for Worker source; add @cloudflare/workers-types,microns-site,1,,,repo; audit:frontend-routing-seo#64
CFG-supabase-config-toml,config-rule,supabase/config.toml verify_jwt entries (14; 3 for functions with no repo source),supabase/config.toml:2-42,Supabase CLI deploys (manual),build / request / dashboard,n/a,,,active,Re-sync repo from live before Phase 5 (PLAN.md Q6),supabase-stays,5,10 repo-and-deployed functions have a live verify_jwt that differs from the repo config; the 3 entries for functions without repo source differ too,H-26,"repo; audit (frontend-routing-seo, docs-secrets-services, python-bots-mcp-ci, critic)"
CFG-supabase-ref,config-rule,Hard-coded Supabase project ref cfjrtmtaitwzggzpkhxi in runtime code,middleware.ts:43; api/sitemap.js:24; index.html:45,"Vercel middleware, Node function, static HTML",build / request / dashboard,n/a,,,active,Worker var SUPABASE_URL; keep the index.html preconnect (Supabase stays),microns-site,1,Only these three are runtime paths,,repo; audit:data-layer#17
CFG-client-redirect-maps,config-rule,Client redirect maps (REDIRECT_MAP 28 entries + 2 patterns; OLD_SLUG_REDIRECTS; OLD_BLOG_SLUG_REDIRECTS),src/components/SEORedirects.tsx:14-77; src/components/TranslatedRouteMatcher.tsx:71-108,browser (after the shell loads),build / request / dashboard,n/a,,,active,Unchanged (client fallback); source for the generated microns-site redirect table,unchanged,1,"See RD-01..RD-28, RD-P1, RD-P2",H-11,repo; audit:frontend-routing-seo#14
CFG-google-oauth-redirect,config-rule,Google Cloud OAuth redirect URI for the Gmail connect flow,api/marketing.js:46-47 (default https://${VERCEL_URL}/…),Google Cloud Console,build / request / dashboard,n/a,,,active,Register https://www.micronshub.eu/api/marketing?action=google-auth&step=callback and set GOOGLE_REDIRECT_URI,microns-ops,2,Dashboard task for the owner,,repo; audit:docs-secrets-services#74
CFG-resend-webhook-url,config-rule,Resend webhook destination URL,"api/marketing.js:61,233 (handler); Resend dashboard (URL)",Resend dashboard,build / request / dashboard,n/a,,,active,Unchanged if host and path are preserved; confirm the configured host (www or apex) in the Resend dashboard,microns-ops,2,,H-15,repo; audit:docs-secrets-services#75
CFG-s3-cors,config-rule,"AWS S3 bucket CORS AllowedOrigins (localhost, production, *.vercel.app)",docs/AWS_S3_VERCEL_GUIDE.md:36-41,AWS,build / request / dashboard,n/a,,,active,Legacy buckets are read-only (no upload CORS needed); R2 CORS for www and the preview host,r2,2,,H-17,repo; audit:docs-secrets-services#76
CFG-telegram-webhooks,config-rule,Telegram setWebhook targets for the two bots,outside the repo (Telegram),Telegram,build / request / dashboard,n/a,,,active,Unchanged (bots stay on Supabase),unchanged,stays,,,"repo; audit (frontend-routing-seo, docs-secrets-services, python-bots-mcp-ci, critic)"
CFG-vercel-domain-settings,config-rule,"Vercel domain-level behaviour: apex redirect status, HTTP->HTTPS, HSTS, default headers, Deployment Protection",Vercel dashboard (not in repo),Vercel,build / request / dashboard,n/a,,,active,"Captured in the baseline (P0-3) and reproduced: Redirect Rule status, Always Use HTTPS, HSTS",cloudflare-zone,3,,H-24,"repo; audit (frontend-routing-seo, docs-secrets-services, python-bots-mcp-ci, critic)"
CFG-vercel-firewall,config-rule,Vercel firewall / Attack Challenge Mode (non-browser clients get 429 + x-vercel-mitigated: challenge),Vercel dashboard (setting unread),Vercel,build / request / dashboard,n/a,,,active,Cloudflare bot posture explicitly permissive for verified bots; Bot Fight Mode off; one WAF rate-limit rule on /api/*,cloudflare-zone,3,PLAN.md Q1,H-1,"repo; audit (frontend-routing-seo, docs-secrets-services, python-bots-mcp-ci, critic)"
CFG-tenant-dns-copy,config-rule,Tenant DNS instructions hard-code cname.vercel-dns.com,src/pages/dashboard/tenants/TenantEditPage.tsx:667-678,SPA,build / request / dashboard,n/a,,,active,Rewrite the copy in Phase 3,microns-site,3,,,"repo; audit (frontend-routing-seo, docs-secrets-services, python-bots-mcp-ci, critic)"
CFG-mcp-json,config-rule,.mcp.json (Supabase MCP dev server),.mcp.json,developer machine,build / request / dashboard,n/a,,,active,Unchanged,unchanged,stays,Uses SUPABASE_ACCESS_TOKEN,,repo; audit:python-bots-mcp-ci#17
CFG-cursor-plans,config-rule,.cursor/plans/email_marketing_hub_implementation_plan_0ac1433b.plan.md,.cursor/plans/,editor artefact,build / request / dashboard,n/a,,,active,Unchanged,unchanged,stays,,,repo; audit:python-bots-mcp-ci#18
